{
  "source_pdf": "Patient_34ec8a45.pdf",
  "Extracted Prescription Data": {
    "Diagnosis": [
      "nr757"
    ],
    "Medications": [
      "sumatriptan",
      "topiramate"
    ],
    "Tests": [
      "ct head"
    ],
    "Visit Reason": [
      "tremors"
    ]
  },
  "Insurance Policy Impact": [
    {
      "Clinical Context Used": "tremors ct head sumatriptan topiramate nr757",
      "Matched Specialty": "neurology",
      "Policy Impact": {
        "max_claim_limit": "60,000",
        "exclusions": [
          "biofeedback",
          "experimental neurostim"
        ]
      },
      "Confidence": 0.2
    }
  ]
}