{
  "source_pdf": "Patient_31a53e13.pdf",
  "Extracted Prescription Data": {
    "Diagnosis": [
      "tl129"
    ],
    "Medications": [
      "hydrocodone"
    ],
    "Tests": [
      "bone density scan"
    ],
    "Visit Reason": [
      "sports injury"
    ]
  },
  "Insurance Policy Impact": [
    {
      "Clinical Context Used": "sports injury bone density scan hydrocodone tl129",
      "Matched Specialty": "orthopedics",
      "Policy Impact": {
        "max_claim_limit": "35,000",
        "exclusions": [
          "sports injuries (pro)",
          "massage therapy"
        ]
      },
      "Confidence": 0.396
    }
  ]
}