{
  "source_pdf": "Patient_590e4dbb.pdf",
  "Extracted Prescription Data": {
    "Diagnosis": [
      "",
      "mf494"
    ],
    "Medications": [
      "carbamazepine",
      "gabapentin",
      "topiramate"
    ],
    "Tests": [
      "cognitive assessment",
      "ct head",
      "eeg",
      "lumbar puncture"
    ],
    "Visit Reason": [
      "chronic headaches",
      "dizziness",
      "migraine",
      "numbness",
      "tremors"
    ]
  },
  "Insurance Policy Impact": [
    {
      "Clinical Context Used": "chronic headaches dizziness migraine numbness tremors cognitive assessment ct head eeg lumbar puncture carbamazepine gabapentin topiramate mf494",
      "Matched Specialty": "neurology",
      "Policy Impact": {
        "max_claim_limit": "60,000",
        "exclusions": [
          "biofeedback",
          "experimental neurostim"
        ]
      },
      "Confidence": 0.336
    }
  ]
}