{
  "source_pdf": "Patient_d198eb2a.pdf",
  "Extracted Prescription Data": {
    "Diagnosis": [
      "qm187"
    ],
    "Medications": [
      "acetaminophen"
    ],
    "Tests": [
      "strep test"
    ],
    "Visit Reason": [
      "vaccination"
    ]
  },
  "Insurance Policy Impact": [
    {
      "Clinical Context Used": "vaccination strep test acetaminophen qm187",
      "Matched Specialty": "gastroenterology",
      "Policy Impact": {
        "max_claim_limit": "40,000",
        "exclusions": [
          "dietary supplements",
          "detox programs"
        ]
      },
      "Confidence": 0.153
    }
  ]
}