{
  "source_pdf": "Patient_0aca1870.pdf",
  "Extracted Prescription Data": {
    "Diagnosis": [
      "tq780"
    ],
    "Medications": [
      "azithromycin"
    ],
    "Tests": [
      "strep test"
    ],
    "Visit Reason": [
      "sore throat"
    ]
  },
  "Insurance Policy Impact": [
    {
      "Clinical Context Used": "sore throat strep test azithromycin tq780",
      "Matched Specialty": "gastroenterology",
      "Policy Impact": {
        "max_claim_limit": "40,000",
        "exclusions": [
          "dietary supplements",
          "detox programs"
        ]
      },
      "Confidence": 0.162
    }
  ]
}