{
  "source_pdf": "Patient_b1a18d6b.pdf",
  "Extracted Prescription Data": {
    "Diagnosis": [
      "lp892"
    ],
    "Medications": [
      "prednisolone"
    ],
    "Tests": [
      "cbc",
      "rsv test"
    ],
    "Visit Reason": [
      "stomach pain"
    ]
  },
  "Insurance Policy Impact": [
    {
      "Clinical Context Used": "stomach pain cbc rsv test prednisolone lp892",
      "Matched Specialty": "gastroenterology",
      "Policy Impact": {
        "max_claim_limit": "40,000",
        "exclusions": [
          "dietary supplements",
          "detox programs"
        ]
      },
      "Confidence": 0.196
    }
  ]
}