{
  "source_pdf": "Patient_216a2e61.pdf",
  "Extracted Prescription Data": {
    "Diagnosis": [
      "sm814"
    ],
    "Medications": [
      "meloxicam"
    ],
    "Tests": [
      "ct scan",
      "x-ray"
    ],
    "Visit Reason": [
      "sports injury"
    ]
  },
  "Insurance Policy Impact": [
    {
      "Clinical Context Used": "sports injury ct scan x-ray meloxicam sm814",
      "Matched Specialty": "orthopedics",
      "Policy Impact": {
        "max_claim_limit": "35,000",
        "exclusions": [
          "sports injuries (pro)",
          "massage therapy"
        ]
      },
      "Confidence": 0.34
    }
  ]
}