{
  "source_pdf": "Patient_9f176e51.pdf",
  "Extracted Prescription Data": {
    "Diagnosis": [
      "dv438"
    ],
    "Medications": [
      "gabapentin"
    ],
    "Tests": [
      "ct head"
    ],
    "Visit Reason": [
      "memory loss"
    ]
  },
  "Insurance Policy Impact": [
    {
      "Clinical Context Used": "memory loss ct head gabapentin dv438",
      "Matched Specialty": "neurology",
      "Policy Impact": {
        "max_claim_limit": "60,000",
        "exclusions": [
          "biofeedback",
          "experimental neurostim"
        ]
      },
      "Confidence": 0.257
    }
  ]
}