{
  "source_pdf": "Patient_e380ceae.pdf",
  "Extracted Prescription Data": {
    "Diagnosis": [
      "wo268"
    ],
    "Medications": [
      "ceftriaxone"
    ],
    "Tests": [
      "vision screen"
    ],
    "Visit Reason": [
      "ear infection"
    ]
  },
  "Insurance Policy Impact": [
    {
      "Clinical Context Used": "ear infection vision screen ceftriaxone wo268",
      "Matched Specialty": "neurology",
      "Policy Impact": {
        "max_claim_limit": "60,000",
        "exclusions": [
          "biofeedback",
          "experimental neurostim"
        ]
      },
      "Confidence": 0.118
    }
  ]
}