{
  "source_pdf": "Patient_7459c876.pdf",
  "Extracted Prescription Data": {
    "Diagnosis": [
      "gr704"
    ],
    "Medications": [
      "levetiracetam",
      "topiramate"
    ],
    "Tests": [
      "ct head",
      "mri brain"
    ],
    "Visit Reason": [
      "tingling"
    ]
  },
  "Insurance Policy Impact": [
    {
      "Clinical Context Used": "tingling ct head mri brain levetiracetam topiramate gr704",
      "Matched Specialty": "neurology",
      "Policy Impact": {
        "max_claim_limit": "60,000",
        "exclusions": [
          "biofeedback",
          "experimental neurostim"
        ]
      },
      "Confidence": 0.322
    }
  ]
}