{
  "source_pdf": "Patient_71b38aea.pdf",
  "Extracted Prescription Data": {
    "Diagnosis": [
      "ug534"
    ],
    "Medications": [
      "acetaminophen"
    ],
    "Tests": [
      "lead screening",
      "strep test"
    ],
    "Visit Reason": [
      "growth check"
    ]
  },
  "Insurance Policy Impact": [
    {
      "Clinical Context Used": "growth check lead screening strep test acetaminophen ug534",
      "Matched Specialty": "pediatrics",
      "Policy Impact": {
        "max_claim_limit": "25,000",
        "exclusions": [
          "growth hormones (cosmetic)",
          "developmental therapy"
        ]
      },
      "Confidence": 0.218
    }
  ]
}