{
  "source_pdf": "Patient_0007137b.pdf",
  "Extracted Prescription Data": {
    "Diagnosis": [
      "hx784"
    ],
    "Medications": [
      "levothyroxine"
    ],
    "Tests": [
      "cbc",
      "hba1c"
    ],
    "Visit Reason": [
      "diabetes manageme\nnt"
    ]
  },
  "Insurance Policy Impact": [
    {
      "Clinical Context Used": "diabetes manageme\nnt cbc hba1c levothyroxine hx784",
      "Matched Specialty": "neurology",
      "Policy Impact": {
        "max_claim_limit": "60,000",
        "exclusions": [
          "biofeedback",
          "experimental neurostim"
        ]
      },
      "Confidence": 0.244
    }
  ]
}