{
  "source_pdf": "Patient_2f8c0a1b.pdf",
  "Extracted Prescription Data": {
    "Diagnosis": [
      "vt755"
    ],
    "Medications": [
      "lamotrigine",
      "topiramate"
    ],
    "Tests": [
      "emg"
    ],
    "Visit Reason": [
      "neuropathy"
    ]
  },
  "Insurance Policy Impact": [
    {
      "Clinical Context Used": "neuropathy emg lamotrigine topiramate vt755",
      "Matched Specialty": "neurology",
      "Policy Impact": {
        "max_claim_limit": "60,000",
        "exclusions": [
          "biofeedback",
          "experimental neurostim"
        ]
      },
      "Confidence": 0.397
    }
  ]
}