{
  "source_pdf": "Patient_1830b811.pdf",
  "Extracted Prescription Data": {
    "Diagnosis": [
      "yd781"
    ],
    "Medications": [
      "sertraline"
    ],
    "Tests": [
      "vitamin d level"
    ],
    "Visit Reason": [
      "back pain"
    ]
  },
  "Insurance Policy Impact": [
    {
      "Clinical Context Used": "back pain vitamin d level sertraline yd781",
      "Matched Specialty": "neurology",
      "Policy Impact": {
        "max_claim_limit": "60,000",
        "exclusions": [
          "biofeedback",
          "experimental neurostim"
        ]
      },
      "Confidence": 0.235
    }
  ]
}