{
  "source_pdf": "Patient_3ff947d1.pdf",
  "Extracted Prescription Data": {
    "Diagnosis": [
      "ow961"
    ],
    "Medications": [
      "amlodipine",
      "lisinopril"
    ],
    "Tests": [
      "cardiac ct"
    ],
    "Visit Reason": [
      "palpitations"
    ]
  },
  "Insurance Policy Impact": [
    {
      "Clinical Context Used": "palpitations cardiac ct amlodipine lisinopril ow961",
      "Matched Specialty": "cardiology",
      "Policy Impact": {
        "max_claim_limit": "50,000",
        "exclusions": [
          "cosmetic surgery",
          "experimental valve"
        ]
      },
      "Confidence": 0.242
    }
  ]
}