{
  "source_pdf": "Patient_53e9398c.pdf",
  "Extracted Prescription Data": {
    "Diagnosis": [
      "lf795"
    ],
    "Medications": [
      "acetaminophen",
      "prednisolone"
    ],
    "Tests": [
      "hearing test"
    ],
    "Visit Reason": [
      "growth check"
    ]
  },
  "Insurance Policy Impact": [
    {
      "Clinical Context Used": "growth check hearing test acetaminophen prednisolone lf795",
      "Matched Specialty": "pediatrics",
      "Policy Impact": {
        "max_claim_limit": "25,000",
        "exclusions": [
          "growth hormones (cosmetic)",
          "developmental therapy"
        ]
      },
      "Confidence": 0.332
    }
  ]
}