{
  "source_pdf": "Patient_fa28a213.pdf",
  "Extracted Prescription Data": {
    "Diagnosis": [
      "ns903"
    ],
    "Medications": [
      "ceftriaxone",
      "ibuprofen"
    ],
    "Tests": [
      "rsv test",
      "strep test"
    ],
    "Visit Reason": [
      "cough"
    ]
  },
  "Insurance Policy Impact": [
    {
      "Clinical Context Used": "cough rsv test strep test ceftriaxone ibuprofen ns903",
      "Matched Specialty": "gastroenterology",
      "Policy Impact": {
        "max_claim_limit": "40,000",
        "exclusions": [
          "dietary supplements",
          "detox programs"
        ]
      },
      "Confidence": 0.19
    }
  ]
}