{
  "source_pdf": "Patient_09ba7308.pdf",
  "Extracted Prescription Data": {
    "Diagnosis": [
      "mu654"
    ],
    "Medications": [
      "ibuprofen"
    ],
    "Tests": [
      "tsh"
    ],
    "Visit Reason": [
      "diabetes manageme\nnt"
    ]
  },
  "Insurance Policy Impact": [
    {
      "Clinical Context Used": "diabetes manageme\nnt tsh ibuprofen mu654",
      "Matched Specialty": "gastroenterology",
      "Policy Impact": {
        "max_claim_limit": "40,000",
        "exclusions": [
          "dietary supplements",
          "detox programs"
        ]
      },
      "Confidence": 0.216
    }
  ]
}