{
  "source_pdf": "Patient_19a61d77.pdf",
  "Extracted Prescription Data": {
    "Diagnosis": [
      "lo861"
    ],
    "Medications": [
      "ceftriaxone",
      "ibuprofen"
    ],
    "Tests": [
      "strep test"
    ],
    "Visit Reason": [
      "ear infection"
    ]
  },
  "Insurance Policy Impact": [
    {
      "Clinical Context Used": "ear infection strep test ceftriaxone ibuprofen lo861",
      "Matched Specialty": "orthopedics",
      "Policy Impact": {
        "max_claim_limit": "35,000",
        "exclusions": [
          "sports injuries (pro)",
          "massage therapy"
        ]
      },
      "Confidence": 0.155
    }
  ]
}