{
  "source_pdf": "Patient_2f91f87e.pdf",
  "Extracted Prescription Data": {
    "Diagnosis": [
      "cg513"
    ],
    "Medications": [
      "clopidogrel",
      "furosemide"
    ],
    "Tests": [
      "holter monitor"
    ],
    "Visit Reason": [
      "arrhythmia"
    ]
  },
  "Insurance Policy Impact": [
    {
      "Clinical Context Used": "arrhythmia holter monitor clopidogrel furosemide cg513",
      "Matched Specialty": "neurology",
      "Policy Impact": {
        "max_claim_limit": "60,000",
        "exclusions": [
          "biofeedback",
          "experimental neurostim"
        ]
      },
      "Confidence": 0.184
    }
  ]
}