{
  "source_pdf": "Patient_0eb2dfd5.pdf",
  "Extracted Prescription Data": {
    "Diagnosis": [
      "ym644"
    ],
    "Medications": [
      "lamotrigine"
    ],
    "Tests": [
      "eeg"
    ],
    "Visit Reason": [
      "numbness"
    ]
  },
  "Insurance Policy Impact": [
    {
      "Clinical Context Used": "numbness eeg lamotrigine ym644",
      "Matched Specialty": "neurology",
      "Policy Impact": {
        "max_claim_limit": "60,000",
        "exclusions": [
          "biofeedback",
          "experimental neurostim"
        ]
      },
      "Confidence": 0.388
    }
  ]
}