{
  "source_pdf": "Patient_390edee0.pdf",
  "Extracted Prescription Data": {
    "Diagnosis": [
      "rj848"
    ],
    "Medications": [
      "sumatriptan",
      "topiramate"
    ],
    "Tests": [
      "lumbar puncture"
    ],
    "Visit Reason": [
      "tingling"
    ]
  },
  "Insurance Policy Impact": [
    {
      "Clinical Context Used": "tingling lumbar puncture sumatriptan topiramate rj848",
      "Matched Specialty": "orthopedics",
      "Policy Impact": {
        "max_claim_limit": "35,000",
        "exclusions": [
          "sports injuries (pro)",
          "massage therapy"
        ]
      },
      "Confidence": 0.252
    }
  ]
}