{
  "source_pdf": "Patient_54ca2a4f.pdf",
  "Extracted Prescription Data": {
    "Diagnosis": [
      "hl385"
    ],
    "Medications": [
      "lisinopril",
      "simvastatin"
    ],
    "Tests": [
      "urinalysis"
    ],
    "Visit Reason": [
      "fatigue"
    ]
  },
  "Insurance Policy Impact": [
    {
      "Clinical Context Used": "fatigue urinalysis lisinopril simvastatin hl385",
      "Matched Specialty": "gastroenterology",
      "Policy Impact": {
        "max_claim_limit": "40,000",
        "exclusions": [
          "dietary supplements",
          "detox programs"
        ]
      },
      "Confidence": 0.197
    }
  ]
}