{
  "source_pdf": "Patient_e4fcb11c.pdf",
  "Extracted Prescription Data": {
    "Diagnosis": [
      "vf158"
    ],
    "Medications": [
      "albuterol inhaler"
    ],
    "Tests": [
      "cbc"
    ],
    "Visit Reason": [
      "fever"
    ]
  },
  "Insurance Policy Impact": [
    {
      "Clinical Context Used": "fever cbc albuterol inhaler vf158",
      "Matched Specialty": "cardiology",
      "Policy Impact": {
        "max_claim_limit": "50,000",
        "exclusions": [
          "cosmetic surgery",
          "experimental valve"
        ]
      },
      "Confidence": 0.129
    }
  ]
}