{
  "source_pdf": "Patient_7e66c30b.pdf",
  "Extracted Prescription Data": {
    "Diagnosis": [
      "pl983"
    ],
    "Medications": [
      "celecoxib"
    ],
    "Tests": [
      "mri"
    ],
    "Visit Reason": [
      "hip pain"
    ]
  },
  "Insurance Policy Impact": [
    {
      "Clinical Context Used": "hip pain mri celecoxib pl983",
      "Matched Specialty": "orthopedics",
      "Policy Impact": {
        "max_claim_limit": "35,000",
        "exclusions": [
          "sports injuries (pro)",
          "massage therapy"
        ]
      },
      "Confidence": 0.289
    }
  ]
}