{
  "source_pdf": "Patient_e9f1bd66.pdf",
  "Extracted Prescription Data": {
    "Diagnosis": [
      "ug109"
    ],
    "Medications": [
      "amoxicillin"
    ],
    "Tests": [
      "urinalysis"
    ],
    "Visit Reason": [
      "diabetes manageme\nnt"
    ]
  },
  "Insurance Policy Impact": [
    {
      "Clinical Context Used": "diabetes manageme\nnt urinalysis amoxicillin ug109",
      "Matched Specialty": "gastroenterology",
      "Policy Impact": {
        "max_claim_limit": "40,000",
        "exclusions": [
          "dietary supplements",
          "detox programs"
        ]
      },
      "Confidence": 0.231
    }
  ]
}