{
  "source_pdf": "Patient_5e1df2b9.pdf",
  "Extracted Prescription Data": {
    "Diagnosis": [
      "kd185"
    ],
    "Medications": [
      "cyclobenzaprine",
      "meloxicam"
    ],
    "Tests": [
      "bone density scan"
    ],
    "Visit Reason": [
      "hip pain"
    ]
  },
  "Insurance Policy Impact": [
    {
      "Clinical Context Used": "hip pain bone density scan cyclobenzaprine meloxicam kd185",
      "Matched Specialty": "orthopedics",
      "Policy Impact": {
        "max_claim_limit": "35,000",
        "exclusions": [
          "sports injuries (pro)",
          "massage therapy"
        ]
      },
      "Confidence": 0.302
    }
  ]
}