{
  "source_pdf": "Patient_3ff8d271.pdf",
  "Extracted Prescription Data": {
    "Diagnosis": [
      "jj465"
    ],
    "Medications": [
      "ibuprofen"
    ],
    "Tests": [
      "hearing test",
      "strep test"
    ],
    "Visit Reason": [
      "ear infection"
    ]
  },
  "Insurance Policy Impact": [
    {
      "Clinical Context Used": "ear infection hearing test strep test ibuprofen jj465",
      "Matched Specialty": "orthopedics",
      "Policy Impact": {
        "max_claim_limit": "35,000",
        "exclusions": [
          "sports injuries (pro)",
          "massage therapy"
        ]
      },
      "Confidence": 0.18
    }
  ]
}