{
  "source_pdf": "Patient_8463859e.pdf",
  "Extracted Prescription Data": {
    "Diagnosis": [
      "kj476"
    ],
    "Medications": [
      "atorvastatin",
      "lisinopril"
    ],
    "Tests": [
      "lipid panel"
    ],
    "Visit Reason": [
      "arrhythmia"
    ]
  },
  "Insurance Policy Impact": [
    {
      "Clinical Context Used": "arrhythmia lipid panel atorvastatin lisinopril kj476",
      "Matched Specialty": "cardiology",
      "Policy Impact": {
        "max_claim_limit": "50,000",
        "exclusions": [
          "cosmetic surgery",
          "experimental valve"
        ]
      },
      "Confidence": 0.251
    }
  ]
}