{
  "source_pdf": "Patient_6b0e96bf.pdf",
  "Extracted Prescription Data": {
    "Diagnosis": [
      "zo316"
    ],
    "Medications": [
      "celecoxib",
      "tramadol"
    ],
    "Tests": [
      "ct scan",
      "x-ray"
    ],
    "Visit Reason": [
      "knee pain"
    ]
  },
  "Insurance Policy Impact": [
    {
      "Clinical Context Used": "knee pain ct scan x-ray celecoxib tramadol zo316",
      "Matched Specialty": "orthopedics",
      "Policy Impact": {
        "max_claim_limit": "35,000",
        "exclusions": [
          "sports injuries (pro)",
          "massage therapy"
        ]
      },
      "Confidence": 0.249
    }
  ]
}