{
  "source_pdf": "Patient_9fbb22a0.pdf",
  "Extracted Prescription Data": {
    "Diagnosis": [
      "ls746"
    ],
    "Medications": [
      "celecoxib",
      "naproxen"
    ],
    "Tests": [
      "ct scan"
    ],
    "Visit Reason": [
      "joint stiffness"
    ]
  },
  "Insurance Policy Impact": [
    {
      "Clinical Context Used": "joint stiffness ct scan celecoxib naproxen ls746",
      "Matched Specialty": "orthopedics",
      "Policy Impact": {
        "max_claim_limit": "35,000",
        "exclusions": [
          "sports injuries (pro)",
          "massage therapy"
        ]
      },
      "Confidence": 0.204
    }
  ]
}