{
  "source_pdf": "Patient_ac6684c2.pdf",
  "Extracted Prescription Data": {
    "Diagnosis": [
      "oj994"
    ],
    "Medications": [
      "azithromycin",
      "prednisolone"
    ],
    "Tests": [
      "lead screening"
    ],
    "Visit Reason": [
      "annual checkup"
    ]
  },
  "Insurance Policy Impact": [
    {
      "Clinical Context Used": "annual checkup lead screening azithromycin prednisolone oj994",
      "Matched Specialty": "oncology",
      "Policy Impact": {
        "max_claim_limit": "150,000",
        "exclusions": [
          "alternative medicine",
          "unproven stem cell"
        ]
      },
      "Confidence": 0.188
    }
  ]
}