{
  "source_pdf": "Patient_e52613f7.pdf",
  "Extracted Prescription Data": {
    "Diagnosis": [
      "",
      "jn202"
    ],
    "Medications": [
      "atorvastatin",
      "clopidogrel",
      "lisinopril",
      "metoprolol",
      "nitroglycerin"
    ],
    "Tests": [
      "cardiac ct",
      "ecg",
      "echocardiogram",
      "stress test",
      "troponin test"
    ],
    "Visit Reason": [
      "angina",
      "heart failure\ncheckup",
      "palpitations"
    ]
  },
  "Insurance Policy Impact": [
    {
      "Clinical Context Used": "angina heart failure\ncheckup palpitations cardiac ct ecg echocardiogram stress test troponin test atorvastatin clopidogrel lisinopril metoprolol nitroglycerin jn202",
      "Matched Specialty": "cardiology",
      "Policy Impact": {
        "max_claim_limit": "50,000",
        "exclusions": [
          "cosmetic surgery",
          "experimental valve"
        ]
      },
      "Confidence": 0.246
    }
  ]
}