{
  "source_pdf": "Patient_ff4e99b0.pdf",
  "Extracted Prescription Data": {
    "Diagnosis": [
      "ia255"
    ],
    "Medications": [
      "azithromycin",
      "ceftriaxone"
    ],
    "Tests": [
      "cbc",
      "influenza test"
    ],
    "Visit Reason": [
      "cough"
    ]
  },
  "Insurance Policy Impact": [
    {
      "Clinical Context Used": "cough cbc influenza test azithromycin ceftriaxone ia255",
      "Matched Specialty": "general practice",
      "Policy Impact": {
        "max_claim_limit": null,
        "exclusions": [
          "not available"
        ]
      },
      "Confidence": 0.135
    }
  ]
}