{
  "source_pdf": "Patient_aaa08ff5.pdf",
  "Extracted Prescription Data": {
    "Diagnosis": [
      "lc869"
    ],
    "Medications": [
      "ibuprofen"
    ],
    "Tests": [
      "rsv test",
      "strep test"
    ],
    "Visit Reason": [
      "growth check"
    ]
  },
  "Insurance Policy Impact": [
    {
      "Clinical Context Used": "growth check rsv test strep test ibuprofen lc869",
      "Matched Specialty": "pediatrics",
      "Policy Impact": {
        "max_claim_limit": "25,000",
        "exclusions": [
          "growth hormones (cosmetic)",
          "developmental therapy"
        ]
      },
      "Confidence": 0.238
    }
  ]
}