{
  "source_pdf": "Patient_72e8ecd7.pdf",
  "Extracted Prescription Data": {
    "Diagnosis": [
      "tn689"
    ],
    "Medications": [
      "amoxicillin"
    ],
    "Tests": [
      "vision screen"
    ],
    "Visit Reason": [
      "rash"
    ]
  },
  "Insurance Policy Impact": [
    {
      "Clinical Context Used": "rash vision screen amoxicillin tn689",
      "Matched Specialty": "pediatrics",
      "Policy Impact": {
        "max_claim_limit": "25,000",
        "exclusions": [
          "growth hormones (cosmetic)",
          "developmental therapy"
        ]
      },
      "Confidence": 0.184
    }
  ]
}