{
  "source_pdf": "Patient_4694d995.pdf",
  "Extracted Prescription Data": {
    "Diagnosis": [
      "zk749"
    ],
    "Medications": [
      "atorvastatin"
    ],
    "Tests": [
      "ecg",
      "stress test"
    ],
    "Visit Reason": [
      "hypertension"
    ]
  },
  "Insurance Policy Impact": [
    {
      "Clinical Context Used": "hypertension ecg stress test atorvastatin zk749",
      "Matched Specialty": "cardiology",
      "Policy Impact": {
        "max_claim_limit": "50,000",
        "exclusions": [
          "cosmetic surgery",
          "experimental valve"
        ]
      },
      "Confidence": 0.216
    }
  ]
}