{
  "source_pdf": "Patient_8acbb4ce.pdf",
  "Extracted Prescription Data": {
    "Diagnosis": [
      "rt256"
    ],
    "Medications": [
      "amoxicillin",
      "omeprazole"
    ],
    "Tests": [
      "cmp"
    ],
    "Visit Reason": [
      "abdominal pain"
    ]
  },
  "Insurance Policy Impact": [
    {
      "Clinical Context Used": "abdominal pain cmp amoxicillin omeprazole rt256",
      "Matched Specialty": "gastroenterology",
      "Policy Impact": {
        "max_claim_limit": "40,000",
        "exclusions": [
          "dietary supplements",
          "detox programs"
        ]
      },
      "Confidence": 0.279
    }
  ]
}