{
  "source_pdf": "Patient_25c7895c.pdf",
  "Extracted Prescription Data": {
    "Diagnosis": [
      "cf383"
    ],
    "Medications": [
      "gabapentin",
      "levetiracetam"
    ],
    "Tests": [
      "cognitive assessment"
    ],
    "Visit Reason": [
      "dizziness"
    ]
  },
  "Insurance Policy Impact": [
    {
      "Clinical Context Used": "dizziness cognitive assessment gabapentin levetiracetam cf383",
      "Matched Specialty": "neurology",
      "Policy Impact": {
        "max_claim_limit": "60,000",
        "exclusions": [
          "biofeedback",
          "experimental neurostim"
        ]
      },
      "Confidence": 0.282
    }
  ]
}