{
  "source_pdf": "Patient_d90961ee.pdf",
  "Extracted Prescription Data": {
    "Diagnosis": [
      "vf076"
    ],
    "Medications": [
      "celecoxib"
    ],
    "Tests": [
      "ct scan"
    ],
    "Visit Reason": [
      "fracture follow-up"
    ]
  },
  "Insurance Policy Impact": [
    {
      "Clinical Context Used": "fracture follow-up ct scan celecoxib vf076",
      "Matched Specialty": "oncology",
      "Policy Impact": {
        "max_claim_limit": "150,000",
        "exclusions": [
          "alternative medicine",
          "unproven stem cell"
        ]
      },
      "Confidence": 0.16
    }
  ]
}