{
  "source_pdf": "Patient_22449ed8.pdf",
  "Extracted Prescription Data": {
    "Diagnosis": [
      "zo210"
    ],
    "Medications": [
      "ibuprofen",
      "meloxicam"
    ],
    "Tests": [
      "x-ray"
    ],
    "Visit Reason": [
      "joint stiffness"
    ]
  },
  "Insurance Policy Impact": [
    {
      "Clinical Context Used": "joint stiffness x-ray ibuprofen meloxicam zo210",
      "Matched Specialty": "orthopedics",
      "Policy Impact": {
        "max_claim_limit": "35,000",
        "exclusions": [
          "sports injuries (pro)",
          "massage therapy"
        ]
      },
      "Confidence": 0.345
    }
  ]
}