{
  "source_pdf": "Patient_15d42c89.pdf",
  "Extracted Prescription Data": {
    "Diagnosis": [
      "rv526"
    ],
    "Medications": [
      "acetaminophen",
      "ibuprofen"
    ],
    "Tests": [
      "lead screening",
      "rsv test"
    ],
    "Visit Reason": [
      "annual checkup"
    ]
  },
  "Insurance Policy Impact": [
    {
      "Clinical Context Used": "annual checkup lead screening rsv test acetaminophen ibuprofen rv526",
      "Matched Specialty": "gastroenterology",
      "Policy Impact": {
        "max_claim_limit": "40,000",
        "exclusions": [
          "dietary supplements",
          "detox programs"
        ]
      },
      "Confidence": 0.22
    }
  ]
}