{
  "source_pdf": "Patient_2ab6055c.pdf",
  "Extracted Prescription Data": {
    "Diagnosis": [
      "fp743"
    ],
    "Medications": [
      "ibuprofen",
      "simvastatin"
    ],
    "Tests": [
      "cbc",
      "vitamin d level"
    ],
    "Visit Reason": [
      "fatigue"
    ]
  },
  "Insurance Policy Impact": [
    {
      "Clinical Context Used": "fatigue cbc vitamin d level ibuprofen simvastatin fp743",
      "Matched Specialty": "gastroenterology",
      "Policy Impact": {
        "max_claim_limit": "40,000",
        "exclusions": [
          "dietary supplements",
          "detox programs"
        ]
      },
      "Confidence": 0.218
    }
  ]
}