{
  "source_pdf": "Patient_cb162adf.pdf",
  "Extracted Prescription Data": {
    "Diagnosis": [
      "nd662"
    ],
    "Medications": [
      "hydrocodone"
    ],
    "Tests": [
      "arthroscopy",
      "ct scan"
    ],
    "Visit Reason": [
      "arthritis"
    ]
  },
  "Insurance Policy Impact": [
    {
      "Clinical Context Used": "arthritis arthroscopy ct scan hydrocodone nd662",
      "Matched Specialty": "orthopedics",
      "Policy Impact": {
        "max_claim_limit": "35,000",
        "exclusions": [
          "sports injuries (pro)",
          "massage therapy"
        ]
      },
      "Confidence": 0.236
    }
  ]
}