{
  "source_pdf": "Patient_88a4c10b.pdf",
  "Extracted Prescription Data": {
    "Diagnosis": [
      "si727"
    ],
    "Medications": [
      "amlodipine",
      "warfarin"
    ],
    "Tests": [
      "holter monitor"
    ],
    "Visit Reason": [
      "arrhythmia"
    ]
  },
  "Insurance Policy Impact": [
    {
      "Clinical Context Used": "arrhythmia holter monitor amlodipine warfarin si727",
      "Matched Specialty": "cardiology",
      "Policy Impact": {
        "max_claim_limit": "50,000",
        "exclusions": [
          "cosmetic surgery",
          "experimental valve"
        ]
      },
      "Confidence": 0.195
    }
  ]
}