{
  "source_pdf": "Patient_7cee8d82.pdf",
  "Extracted Prescription Data": {
    "Diagnosis": [
      "ub310"
    ],
    "Medications": [
      "lamotrigine"
    ],
    "Tests": [
      "emg",
      "mri brain"
    ],
    "Visit Reason": [
      "numbness"
    ]
  },
  "Insurance Policy Impact": [
    {
      "Clinical Context Used": "numbness emg mri brain lamotrigine ub310",
      "Matched Specialty": "neurology",
      "Policy Impact": {
        "max_claim_limit": "60,000",
        "exclusions": [
          "biofeedback",
          "experimental neurostim"
        ]
      },
      "Confidence": 0.366
    }
  ]
}