{
  "source_pdf": "Patient_93f84b6d.pdf",
  "Extracted Prescription Data": {
    "Diagnosis": [
      "uj229"
    ],
    "Medications": [
      "amoxicillin",
      "omeprazole"
    ],
    "Tests": [
      "cbc",
      "vitamin d level"
    ],
    "Visit Reason": [
      "flu symptoms"
    ]
  },
  "Insurance Policy Impact": [
    {
      "Clinical Context Used": "flu symptoms cbc vitamin d level amoxicillin omeprazole uj229",
      "Matched Specialty": "gastroenterology",
      "Policy Impact": {
        "max_claim_limit": "40,000",
        "exclusions": [
          "dietary supplements",
          "detox programs"
        ]
      },
      "Confidence": 0.168
    }
  ]
}