{
  "source_pdf": "Patient_9439591c.pdf",
  "Extracted Prescription Data": {
    "Diagnosis": [
      "bb114"
    ],
    "Medications": [
      "donepezil"
    ],
    "Tests": [
      "lumbar puncture"
    ],
    "Visit Reason": [
      "dizziness"
    ]
  },
  "Insurance Policy Impact": [
    {
      "Clinical Context Used": "dizziness lumbar puncture donepezil bb114",
      "Matched Specialty": "neurology",
      "Policy Impact": {
        "max_claim_limit": "60,000",
        "exclusions": [
          "biofeedback",
          "experimental neurostim"
        ]
      },
      "Confidence": 0.166
    }
  ]
}