{
  "source_pdf": "Patient_bcf81896.pdf",
  "Extracted Prescription Data": {
    "Diagnosis": [
      "mw686"
    ],
    "Medications": [
      "ibuprofen"
    ],
    "Tests": [
      "ct scan"
    ],
    "Visit Reason": [
      "back pain"
    ]
  },
  "Insurance Policy Impact": [
    {
      "Clinical Context Used": "back pain ct scan ibuprofen mw686",
      "Matched Specialty": "orthopedics",
      "Policy Impact": {
        "max_claim_limit": "35,000",
        "exclusions": [
          "sports injuries (pro)",
          "massage therapy"
        ]
      },
      "Confidence": 0.276
    }
  ]
}