{
  "source_pdf": "Patient_d631f55f.pdf",
  "Extracted Prescription Data": {
    "Diagnosis": [
      "pg709"
    ],
    "Medications": [
      "azithromycin",
      "ceftriaxone"
    ],
    "Tests": [
      "cbc",
      "rsv test"
    ],
    "Visit Reason": [
      "cough"
    ]
  },
  "Insurance Policy Impact": [
    {
      "Clinical Context Used": "cough cbc rsv test azithromycin ceftriaxone pg709",
      "Matched Specialty": "gastroenterology",
      "Policy Impact": {
        "max_claim_limit": "40,000",
        "exclusions": [
          "dietary supplements",
          "detox programs"
        ]
      },
      "Confidence": 0.173
    }
  ]
}