{
  "source_pdf": "Patient_e6301aa2.pdf",
  "Extracted Prescription Data": {
    "Diagnosis": [
      "vb116"
    ],
    "Medications": [
      "omeprazole"
    ],
    "Tests": [
      "urinalysis"
    ],
    "Visit Reason": [
      "abdominal pain"
    ]
  },
  "Insurance Policy Impact": [
    {
      "Clinical Context Used": "abdominal pain urinalysis omeprazole vb116",
      "Matched Specialty": "gastroenterology",
      "Policy Impact": {
        "max_claim_limit": "40,000",
        "exclusions": [
          "dietary supplements",
          "detox programs"
        ]
      },
      "Confidence": 0.225
    }
  ]
}