{
  "source_pdf": "Patient_4bd3056c.pdf",
  "Extracted Prescription Data": {
    "Diagnosis": [
      "ip834"
    ],
    "Medications": [
      "naproxen"
    ],
    "Tests": [
      "mri"
    ],
    "Visit Reason": [
      "knee pain"
    ]
  },
  "Insurance Policy Impact": [
    {
      "Clinical Context Used": "knee pain mri naproxen ip834",
      "Matched Specialty": "orthopedics",
      "Policy Impact": {
        "max_claim_limit": "35,000",
        "exclusions": [
          "sports injuries (pro)",
          "massage therapy"
        ]
      },
      "Confidence": 0.331
    }
  ]
}