{
  "source_pdf": "Patient_69164427.pdf",
  "Extracted Prescription Data": {
    "Diagnosis": [
      "bj749"
    ],
    "Medications": [
      "warfarin"
    ],
    "Tests": [
      "holter monitor"
    ],
    "Visit Reason": [
      "chest pain"
    ]
  },
  "Insurance Policy Impact": [
    {
      "Clinical Context Used": "chest pain holter monitor warfarin bj749",
      "Matched Specialty": "cardiology",
      "Policy Impact": {
        "max_claim_limit": "50,000",
        "exclusions": [
          "cosmetic surgery",
          "experimental valve"
        ]
      },
      "Confidence": 0.318
    }
  ]
}