{
  "source_pdf": "Patient_d5b38787.pdf",
  "Extracted Prescription Data": {
    "Diagnosis": [
      "zl527"
    ],
    "Medications": [
      "ibuprofen"
    ],
    "Tests": [
      "cbc",
      "rsv test"
    ],
    "Visit Reason": [
      "ear infection"
    ]
  },
  "Insurance Policy Impact": [
    {
      "Clinical Context Used": "ear infection cbc rsv test ibuprofen zl527",
      "Matched Specialty": "orthopedics",
      "Policy Impact": {
        "max_claim_limit": "35,000",
        "exclusions": [
          "sports injuries (pro)",
          "massage therapy"
        ]
      },
      "Confidence": 0.192
    }
  ]
}