{
  "source_pdf": "Patient_336770ac.pdf",
  "Extracted Prescription Data": {
    "Diagnosis": [
      "dc906"
    ],
    "Medications": [
      "amoxicillin",
      "azithromycin"
    ],
    "Tests": [
      "lead screening",
      "vision screen"
    ],
    "Visit Reason": [
      "cough"
    ]
  },
  "Insurance Policy Impact": [
    {
      "Clinical Context Used": "cough lead screening vision screen amoxicillin azithromycin dc906",
      "Matched Specialty": "gastroenterology",
      "Policy Impact": {
        "max_claim_limit": "40,000",
        "exclusions": [
          "dietary supplements",
          "detox programs"
        ]
      },
      "Confidence": 0.17
    }
  ]
}