{
  "source_pdf": "Patient_b272a47d.pdf",
  "Extracted Prescription Data": {
    "Diagnosis": [
      "ux955"
    ],
    "Medications": [
      "metformin",
      "omeprazole"
    ],
    "Tests": [
      "cbc"
    ],
    "Visit Reason": [
      "diabetes manageme\nnt"
    ]
  },
  "Insurance Policy Impact": [
    {
      "Clinical Context Used": "diabetes manageme\nnt cbc metformin omeprazole ux955",
      "Matched Specialty": "gastroenterology",
      "Policy Impact": {
        "max_claim_limit": "40,000",
        "exclusions": [
          "dietary supplements",
          "detox programs"
        ]
      },
      "Confidence": 0.304
    }
  ]
}