{
  "source_pdf": "Patient_109ce86d.pdf",
  "Extracted Prescription Data": {
    "Diagnosis": [
      "ph638"
    ],
    "Medications": [
      "cyclobenzaprine"
    ],
    "Tests": [
      "mri",
      "x-ray"
    ],
    "Visit Reason": [
      "knee pain"
    ]
  },
  "Insurance Policy Impact": [
    {
      "Clinical Context Used": "knee pain mri x-ray cyclobenzaprine ph638",
      "Matched Specialty": "orthopedics",
      "Policy Impact": {
        "max_claim_limit": "35,000",
        "exclusions": [
          "sports injuries (pro)",
          "massage therapy"
        ]
      },
      "Confidence": 0.339
    }
  ]
}