{
  "source_pdf": "Patient_c5516ea5.pdf",
  "Extracted Prescription Data": {
    "Diagnosis": [
      "ze723"
    ],
    "Medications": [
      "prednisolone"
    ],
    "Tests": [
      "vision screen"
    ],
    "Visit Reason": [
      "ear infection"
    ]
  },
  "Insurance Policy Impact": [
    {
      "Clinical Context Used": "ear infection vision screen prednisolone ze723",
      "Matched Specialty": "oncology",
      "Policy Impact": {
        "max_claim_limit": "150,000",
        "exclusions": [
          "alternative medicine",
          "unproven stem cell"
        ]
      },
      "Confidence": 0.114
    }
  ]
}