{
  "source_pdf": "Patient_c861fb5f.pdf",
  "Extracted Prescription Data": {
    "Diagnosis": [
      "vq184"
    ],
    "Medications": [
      "nitroglycerin"
    ],
    "Tests": [
      "troponin test"
    ],
    "Visit Reason": [
      "chest pain"
    ]
  },
  "Insurance Policy Impact": [
    {
      "Clinical Context Used": "chest pain troponin test nitroglycerin vq184",
      "Matched Specialty": "cardiology",
      "Policy Impact": {
        "max_claim_limit": "50,000",
        "exclusions": [
          "cosmetic surgery",
          "experimental valve"
        ]
      },
      "Confidence": 0.274
    }
  ]
}