{
  "source_pdf": "Patient_c6726335.pdf",
  "Extracted Prescription Data": {
    "Diagnosis": [
      "gp353"
    ],
    "Medications": [
      "carbamazepine",
      "donepezil"
    ],
    "Tests": [
      "cognitive assessment",
      "emg"
    ],
    "Visit Reason": [
      "migraine"
    ]
  },
  "Insurance Policy Impact": [
    {
      "Clinical Context Used": "migraine cognitive assessment emg carbamazepine donepezil gp353",
      "Matched Specialty": "neurology",
      "Policy Impact": {
        "max_claim_limit": "60,000",
        "exclusions": [
          "biofeedback",
          "experimental neurostim"
        ]
      },
      "Confidence": 0.261
    }
  ]
}