{
  "source_pdf": "Patient_10436fd2.pdf",
  "Extracted Prescription Data": {
    "Diagnosis": [
      "vi083"
    ],
    "Medications": [
      "lamotrigine"
    ],
    "Tests": [
      "ct head",
      "mri brain"
    ],
    "Visit Reason": [
      "dizziness"
    ]
  },
  "Insurance Policy Impact": [
    {
      "Clinical Context Used": "dizziness ct head mri brain lamotrigine vi083",
      "Matched Specialty": "neurology",
      "Policy Impact": {
        "max_claim_limit": "60,000",
        "exclusions": [
          "biofeedback",
          "experimental neurostim"
        ]
      },
      "Confidence": 0.21
    }
  ]
}