{
  "source_pdf": "Patient_d3600741.pdf",
  "Extracted Prescription Data": {
    "Diagnosis": [
      "pj837"
    ],
    "Medications": [
      "levothyroxine"
    ],
    "Tests": [
      "urinalysis"
    ],
    "Visit Reason": [
      "flu symptoms"
    ]
  },
  "Insurance Policy Impact": [
    {
      "Clinical Context Used": "flu symptoms urinalysis levothyroxine pj837",
      "Matched Specialty": "neurology",
      "Policy Impact": {
        "max_claim_limit": "60,000",
        "exclusions": [
          "biofeedback",
          "experimental neurostim"
        ]
      },
      "Confidence": 0.306
    }
  ]
}