{
  "source_pdf": "Patient_8f46331e.pdf",
  "Extracted Prescription Data": {
    "Diagnosis": [
      "ap702"
    ],
    "Medications": [
      "sertraline",
      "simvastatin"
    ],
    "Tests": [
      "tsh"
    ],
    "Visit Reason": [
      "diabetes manageme\nnt"
    ]
  },
  "Insurance Policy Impact": [
    {
      "Clinical Context Used": "diabetes manageme\nnt tsh sertraline simvastatin ap702",
      "Matched Specialty": "gastroenterology",
      "Policy Impact": {
        "max_claim_limit": "40,000",
        "exclusions": [
          "dietary supplements",
          "detox programs"
        ]
      },
      "Confidence": 0.171
    }
  ]
}