{
  "source_pdf": "Patient_79ceb90a.pdf",
  "Extracted Prescription Data": {
    "Diagnosis": [
      "no611"
    ],
    "Medications": [
      "amoxicillin"
    ],
    "Tests": [
      "rsv test"
    ],
    "Visit Reason": [
      "cough"
    ]
  },
  "Insurance Policy Impact": [
    {
      "Clinical Context Used": "cough rsv test amoxicillin no611",
      "Matched Specialty": "gastroenterology",
      "Policy Impact": {
        "max_claim_limit": "40,000",
        "exclusions": [
          "dietary supplements",
          "detox programs"
        ]
      },
      "Confidence": 0.195
    }
  ]
}