{
  "source_pdf": "Patient_1ab848fc.pdf",
  "Extracted Prescription Data": {
    "Diagnosis": [
      "cm163"
    ],
    "Medications": [
      "lisinopril",
      "sertraline"
    ],
    "Tests": [
      "tsh"
    ],
    "Visit Reason": [
      "infection"
    ]
  },
  "Insurance Policy Impact": [
    {
      "Clinical Context Used": "infection tsh lisinopril sertraline cm163",
      "Matched Specialty": "pediatrics",
      "Policy Impact": {
        "max_claim_limit": "25,000",
        "exclusions": [
          "growth hormones (cosmetic)",
          "developmental therapy"
        ]
      },
      "Confidence": 0.131
    }
  ]
}