{
  "source_pdf": "Patient_1d5e9112.pdf",
  "Extracted Prescription Data": {
    "Diagnosis": [
      "cf383"
    ],
    "Medications": [
      "topiramate"
    ],
    "Tests": [
      "nerve conduction study"
    ],
    "Visit Reason": [
      "numbness"
    ]
  },
  "Insurance Policy Impact": [
    {
      "Clinical Context Used": "numbness nerve conduction study topiramate cf383",
      "Matched Specialty": "neurology",
      "Policy Impact": {
        "max_claim_limit": "60,000",
        "exclusions": [
          "biofeedback",
          "experimental neurostim"
        ]
      },
      "Confidence": 0.313
    }
  ]
}