{
  "source_pdf": "Patient_f77f208e.pdf",
  "Extracted Prescription Data": {
    "Diagnosis": [
      "ih674"
    ],
    "Medications": [
      "sertraline"
    ],
    "Tests": [
      "lipid panel",
      "vitamin d level"
    ],
    "Visit Reason": [
      "infection"
    ]
  },
  "Insurance Policy Impact": [
    {
      "Clinical Context Used": "infection lipid panel vitamin d level sertraline ih674",
      "Matched Specialty": "pediatrics",
      "Policy Impact": {
        "max_claim_limit": "25,000",
        "exclusions": [
          "growth hormones (cosmetic)",
          "developmental therapy"
        ]
      },
      "Confidence": 0.198
    }
  ]
}