{
  "source_pdf": "Patient_eec5a974.pdf",
  "Extracted Prescription Data": {
    "Diagnosis": [
      "sv461"
    ],
    "Medications": [
      "lamotrigine"
    ],
    "Tests": [
      "lumbar puncture"
    ],
    "Visit Reason": [
      "chronic headaches"
    ]
  },
  "Insurance Policy Impact": [
    {
      "Clinical Context Used": "chronic headaches lumbar puncture lamotrigine sv461",
      "Matched Specialty": "neurology",
      "Policy Impact": {
        "max_claim_limit": "60,000",
        "exclusions": [
          "biofeedback",
          "experimental neurostim"
        ]
      },
      "Confidence": 0.24
    }
  ]
}