{
  "source_pdf": "Patient_d98b9036.pdf",
  "Extracted Prescription Data": {
    "Diagnosis": [
      "ex137"
    ],
    "Medications": [
      "hydrocodone"
    ],
    "Tests": [
      "x-ray"
    ],
    "Visit Reason": [
      "arthritis"
    ]
  },
  "Insurance Policy Impact": [
    {
      "Clinical Context Used": "arthritis x-ray hydrocodone ex137",
      "Matched Specialty": "orthopedics",
      "Policy Impact": {
        "max_claim_limit": "35,000",
        "exclusions": [
          "sports injuries (pro)",
          "massage therapy"
        ]
      },
      "Confidence": 0.225
    }
  ]
}