{
  "source_pdf": "Patient_c0e1c8dd.pdf",
  "Extracted Prescription Data": {
    "Diagnosis": [
      "ph312"
    ],
    "Medications": [
      "tramadol"
    ],
    "Tests": [
      "ct scan"
    ],
    "Visit Reason": [
      "fracture follow-up"
    ]
  },
  "Insurance Policy Impact": [
    {
      "Clinical Context Used": "fracture follow-up ct scan tramadol ph312",
      "Matched Specialty": "orthopedics",
      "Policy Impact": {
        "max_claim_limit": "35,000",
        "exclusions": [
          "sports injuries (pro)",
          "massage therapy"
        ]
      },
      "Confidence": 0.245
    }
  ]
}