{
  "source_pdf": "Patient_edc564c9.pdf",
  "Extracted Prescription Data": {
    "Diagnosis": [
      "vp817"
    ],
    "Medications": [
      "warfarin"
    ],
    "Tests": [
      "echocardiogram",
      "stress test"
    ],
    "Visit Reason": [
      "hypertension"
    ]
  },
  "Insurance Policy Impact": [
    {
      "Clinical Context Used": "hypertension echocardiogram stress test warfarin vp817",
      "Matched Specialty": "cardiology",
      "Policy Impact": {
        "max_claim_limit": "50,000",
        "exclusions": [
          "cosmetic surgery",
          "experimental valve"
        ]
      },
      "Confidence": 0.249
    }
  ]
}