{
  "source_pdf": "Patient_063e8e63.pdf",
  "Extracted Prescription Data": {
    "Diagnosis": [
      "ev701"
    ],
    "Medications": [
      "hydrocodone"
    ],
    "Tests": [
      "bone density scan",
      "x-ray"
    ],
    "Visit Reason": [
      "arthritis"
    ]
  },
  "Insurance Policy Impact": [
    {
      "Clinical Context Used": "arthritis bone density scan x-ray hydrocodone ev701",
      "Matched Specialty": "orthopedics",
      "Policy Impact": {
        "max_claim_limit": "35,000",
        "exclusions": [
          "sports injuries (pro)",
          "massage therapy"
        ]
      },
      "Confidence": 0.234
    }
  ]
}