{
  "source_pdf": "Patient_8263c149.pdf",
  "Extracted Prescription Data": {
    "Diagnosis": [
      "ib275"
    ],
    "Medications": [
      "cyclobenzaprine"
    ],
    "Tests": [
      "bone density scan",
      "mri"
    ],
    "Visit Reason": [
      "arthritis"
    ]
  },
  "Insurance Policy Impact": [
    {
      "Clinical Context Used": "arthritis bone density scan mri cyclobenzaprine ib275",
      "Matched Specialty": "orthopedics",
      "Policy Impact": {
        "max_claim_limit": "35,000",
        "exclusions": [
          "sports injuries (pro)",
          "massage therapy"
        ]
      },
      "Confidence": 0.323
    }
  ]
}