{
  "source_pdf": "Patient_1108eaf6.pdf",
  "Extracted Prescription Data": {
    "Diagnosis": [
      "hs697"
    ],
    "Medications": [
      "cyclobenzaprine"
    ],
    "Tests": [
      "mri",
      "x-ray"
    ],
    "Visit Reason": [
      "hip pain"
    ]
  },
  "Insurance Policy Impact": [
    {
      "Clinical Context Used": "hip pain mri x-ray cyclobenzaprine hs697",
      "Matched Specialty": "orthopedics",
      "Policy Impact": {
        "max_claim_limit": "35,000",
        "exclusions": [
          "sports injuries (pro)",
          "massage therapy"
        ]
      },
      "Confidence": 0.335
    }
  ]
}