{
  "source_pdf": "Patient_71486a9d.pdf",
  "Extracted Prescription Data": {
    "Diagnosis": [
      "nt508"
    ],
    "Medications": [
      "levetiracetam"
    ],
    "Tests": [
      "cognitive assessment"
    ],
    "Visit Reason": [
      "dizziness"
    ]
  },
  "Insurance Policy Impact": [
    {
      "Clinical Context Used": "dizziness cognitive assessment levetiracetam nt508",
      "Matched Specialty": "neurology",
      "Policy Impact": {
        "max_claim_limit": "60,000",
        "exclusions": [
          "biofeedback",
          "experimental neurostim"
        ]
      },
      "Confidence": 0.236
    }
  ]
}