{
  "source_pdf": "Patient_166be4c7.pdf",
  "Extracted Prescription Data": {
    "Diagnosis": [
      "jc508"
    ],
    "Medications": [
      "lisinopril"
    ],
    "Tests": [
      "lipid panel"
    ],
    "Visit Reason": [
      "allergy"
    ]
  },
  "Insurance Policy Impact": [
    {
      "Clinical Context Used": "allergy lipid panel lisinopril jc508",
      "Matched Specialty": "cardiology",
      "Policy Impact": {
        "max_claim_limit": "50,000",
        "exclusions": [
          "cosmetic surgery",
          "experimental valve"
        ]
      },
      "Confidence": 0.171
    }
  ]
}