{
  "source_pdf": "Patient_3e72c3e7.pdf",
  "Extracted Prescription Data": {
    "Diagnosis": [
      "pu541"
    ],
    "Medications": [
      "atorvastatin",
      "warfarin"
    ],
    "Tests": [
      "ecg",
      "stress test"
    ],
    "Visit Reason": [
      "angina"
    ]
  },
  "Insurance Policy Impact": [
    {
      "Clinical Context Used": "angina ecg stress test atorvastatin warfarin pu541",
      "Matched Specialty": "cardiology",
      "Policy Impact": {
        "max_claim_limit": "50,000",
        "exclusions": [
          "cosmetic surgery",
          "experimental valve"
        ]
      },
      "Confidence": 0.223
    }
  ]
}