{
  "source_pdf": "Patient_e64408a4.pdf",
  "Extracted Prescription Data": {
    "Diagnosis": [
      "nv297"
    ],
    "Medications": [
      "lisinopril",
      "metoprolol"
    ],
    "Tests": [
      "stress test"
    ],
    "Visit Reason": [
      "angina"
    ]
  },
  "Insurance Policy Impact": [
    {
      "Clinical Context Used": "angina stress test lisinopril metoprolol nv297",
      "Matched Specialty": "cardiology",
      "Policy Impact": {
        "max_claim_limit": "50,000",
        "exclusions": [
          "cosmetic surgery",
          "experimental valve"
        ]
      },
      "Confidence": 0.203
    }
  ]
}