{
  "source_pdf": "Patient_bfe3e024.pdf",
  "Extracted Prescription Data": {
    "Diagnosis": [
      "tv671"
    ],
    "Medications": [
      "acetaminophen",
      "ceftriaxone"
    ],
    "Tests": [
      "influenza test"
    ],
    "Visit Reason": [
      "stomach pain"
    ]
  },
  "Insurance Policy Impact": [
    {
      "Clinical Context Used": "stomach pain influenza test acetaminophen ceftriaxone tv671",
      "Matched Specialty": "gastroenterology",
      "Policy Impact": {
        "max_claim_limit": "40,000",
        "exclusions": [
          "dietary supplements",
          "detox programs"
        ]
      },
      "Confidence": 0.255
    }
  ]
}