{
  "source_pdf": "Patient_0e5b9ba4.pdf",
  "Extracted Prescription Data": {
    "Diagnosis": [
      "av480"
    ],
    "Medications": [
      "gabapentin"
    ],
    "Tests": [
      "cognitive assessment",
      "emg"
    ],
    "Visit Reason": [
      "chronic headaches"
    ]
  },
  "Insurance Policy Impact": [
    {
      "Clinical Context Used": "chronic headaches cognitive assessment emg gabapentin av480",
      "Matched Specialty": "neurology",
      "Policy Impact": {
        "max_claim_limit": "60,000",
        "exclusions": [
          "biofeedback",
          "experimental neurostim"
        ]
      },
      "Confidence": 0.372
    }
  ]
}