{
  "source_pdf": "Patient_9fd65bcc.pdf",
  "Extracted Prescription Data": {
    "Diagnosis": [
      "",
      "pu352"
    ],
    "Medications": [
      "amoxicillin",
      "lisinopril",
      "metformin",
      "sertraline"
    ],
    "Tests": [
      "cmp",
      "lipid panel",
      "tsh"
    ],
    "Visit Reason": [
      "allergy",
      "infection",
      "routine checkup"
    ]
  },
  "Insurance Policy Impact": [
    {
      "Clinical Context Used": "allergy infection routine checkup cmp lipid panel tsh amoxicillin lisinopril metformin sertraline pu352",
      "Matched Specialty": "gastroenterology",
      "Policy Impact": {
        "max_claim_limit": "40,000",
        "exclusions": [
          "dietary supplements",
          "detox programs"
        ]
      },
      "Confidence": 0.187
    }
  ]
}