{
  "source_pdf": "Patient_7a6782af.pdf",
  "Extracted Prescription Data": {
    "Diagnosis": [
      "fx849"
    ],
    "Medications": [
      "ibuprofen",
      "lisinopril"
    ],
    "Tests": [
      "vitamin d level"
    ],
    "Visit Reason": [
      "fatigue"
    ]
  },
  "Insurance Policy Impact": [
    {
      "Clinical Context Used": "fatigue vitamin d level ibuprofen lisinopril fx849",
      "Matched Specialty": "orthopedics",
      "Policy Impact": {
        "max_claim_limit": "35,000",
        "exclusions": [
          "sports injuries (pro)",
          "massage therapy"
        ]
      },
      "Confidence": 0.249
    }
  ]
}