{
  "source_pdf": "Patient_cf53cd12.pdf",
  "Extracted Prescription Data": {
    "Diagnosis": [
      "rk688"
    ],
    "Medications": [
      "celecoxib",
      "cyclobenzaprine"
    ],
    "Tests": [
      "arthroscopy"
    ],
    "Visit Reason": [
      "sports injury"
    ]
  },
  "Insurance Policy Impact": [
    {
      "Clinical Context Used": "sports injury arthroscopy celecoxib cyclobenzaprine rk688",
      "Matched Specialty": "orthopedics",
      "Policy Impact": {
        "max_claim_limit": "35,000",
        "exclusions": [
          "sports injuries (pro)",
          "massage therapy"
        ]
      },
      "Confidence": 0.519
    }
  ]
}