{
  "source_pdf": "Patient_7a052ddd.pdf",
  "Extracted Prescription Data": {
    "Diagnosis": [
      "hd867"
    ],
    "Medications": [
      "metoprolol"
    ],
    "Tests": [
      "lipid panel"
    ],
    "Visit Reason": [
      "shortness of breath"
    ]
  },
  "Insurance Policy Impact": [
    {
      "Clinical Context Used": "shortness of breath lipid panel metoprolol hd867",
      "Matched Specialty": "cardiology",
      "Policy Impact": {
        "max_claim_limit": "50,000",
        "exclusions": [
          "cosmetic surgery",
          "experimental valve"
        ]
      },
      "Confidence": 0.214
    }
  ]
}