{
  "source_pdf": "Patient_4b1d141a.pdf",
  "Extracted Prescription Data": {
    "Diagnosis": [
      "",
      "nx068"
    ],
    "Medications": [
      "carbamazepine",
      "donepezil",
      "gabapentin",
      "lamotrigine"
    ],
    "Tests": [
      "cognitive assessment",
      "ct head",
      "emg",
      "mri brain",
      "nerve conduction study"
    ],
    "Visit Reason": [
      "chronic headaches",
      "memory loss",
      "seizure"
    ]
  },
  "Insurance Policy Impact": [
    {
      "Clinical Context Used": "chronic headaches memory loss seizure cognitive assessment ct head emg mri brain nerve conduction study carbamazepine donepezil gabapentin lamotrigine nx068",
      "Matched Specialty": "neurology",
      "Policy Impact": {
        "max_claim_limit": "60,000",
        "exclusions": [
          "biofeedback",
          "experimental neurostim"
        ]
      },
      "Confidence": 0.383
    }
  ]
}