{
  "source_pdf": "Patient_fe3f9031.pdf",
  "Extracted Prescription Data": {
    "Diagnosis": [
      "dy936"
    ],
    "Medications": [
      "donepezil"
    ],
    "Tests": [
      "nerve conduction study"
    ],
    "Visit Reason": [
      "chronic headaches"
    ]
  },
  "Insurance Policy Impact": [
    {
      "Clinical Context Used": "chronic headaches nerve conduction study donepezil dy936",
      "Matched Specialty": "neurology",
      "Policy Impact": {
        "max_claim_limit": "60,000",
        "exclusions": [
          "biofeedback",
          "experimental neurostim"
        ]
      },
      "Confidence": 0.388
    }
  ]
}