{
  "source_pdf": "Patient_27b8d5da.pdf",
  "Extracted Prescription Data": {
    "Diagnosis": [
      "jh737"
    ],
    "Medications": [
      "warfarin"
    ],
    "Tests": [
      "cardiac ct"
    ],
    "Visit Reason": [
      "angina"
    ]
  },
  "Insurance Policy Impact": [
    {
      "Clinical Context Used": "angina cardiac ct warfarin jh737",
      "Matched Specialty": "cardiology",
      "Policy Impact": {
        "max_claim_limit": "50,000",
        "exclusions": [
          "cosmetic surgery",
          "experimental valve"
        ]
      },
      "Confidence": 0.241
    }
  ]
}