{
  "source_pdf": "Patient_f0b5ac46.pdf",
  "Extracted Prescription Data": {
    "Diagnosis": [
      "mb360"
    ],
    "Medications": [
      "albuterol inhaler"
    ],
    "Tests": [
      "influenza test",
      "vision screen"
    ],
    "Visit Reason": [
      "fever"
    ]
  },
  "Insurance Policy Impact": [
    {
      "Clinical Context Used": "fever influenza test vision screen albuterol inhaler mb360",
      "Matched Specialty": "cardiology",
      "Policy Impact": {
        "max_claim_limit": "50,000",
        "exclusions": [
          "cosmetic surgery",
          "experimental valve"
        ]
      },
      "Confidence": 0.154
    }
  ]
}