{
  "source_pdf": "Patient_7773ff09.pdf",
  "Extracted Prescription Data": {
    "Diagnosis": [
      "wb680"
    ],
    "Medications": [
      "donepezil"
    ],
    "Tests": [
      "lumbar puncture"
    ],
    "Visit Reason": [
      "numbness"
    ]
  },
  "Insurance Policy Impact": [
    {
      "Clinical Context Used": "numbness lumbar puncture donepezil wb680",
      "Matched Specialty": "orthopedics",
      "Policy Impact": {
        "max_claim_limit": "35,000",
        "exclusions": [
          "sports injuries (pro)",
          "massage therapy"
        ]
      },
      "Confidence": 0.28
    }
  ]
}