{
  "source_pdf": "Patient_771cadd7.pdf",
  "Extracted Prescription Data": {
    "Diagnosis": [
      "ln234"
    ],
    "Medications": [
      "nitroglycerin"
    ],
    "Tests": [
      "echocardiogram"
    ],
    "Visit Reason": [
      "heart failure\ncheckup"
    ]
  },
  "Insurance Policy Impact": [
    {
      "Clinical Context Used": "heart failure\ncheckup echocardiogram nitroglycerin ln234",
      "Matched Specialty": "cardiology",
      "Policy Impact": {
        "max_claim_limit": "50,000",
        "exclusions": [
          "cosmetic surgery",
          "experimental valve"
        ]
      },
      "Confidence": 0.28
    }
  ]
}