{
  "source_pdf": "Patient_309e98e6.pdf",
  "Extracted Prescription Data": {
    "Diagnosis": [
      "az900"
    ],
    "Medications": [
      "meloxicam",
      "tramadol"
    ],
    "Tests": [
      "bone density scan"
    ],
    "Visit Reason": [
      "back pain"
    ]
  },
  "Insurance Policy Impact": [
    {
      "Clinical Context Used": "back pain bone density scan meloxicam tramadol az900",
      "Matched Specialty": "orthopedics",
      "Policy Impact": {
        "max_claim_limit": "35,000",
        "exclusions": [
          "sports injuries (pro)",
          "massage therapy"
        ]
      },
      "Confidence": 0.309
    }
  ]
}