{
  "source_pdf": "Patient_2632cf1f.pdf",
  "Extracted Prescription Data": {
    "Diagnosis": [
      "fn698"
    ],
    "Medications": [
      "ibuprofen",
      "naproxen"
    ],
    "Tests": [
      "bone density scan",
      "mri"
    ],
    "Visit Reason": [
      "shoulder pain"
    ]
  },
  "Insurance Policy Impact": [
    {
      "Clinical Context Used": "shoulder pain bone density scan mri ibuprofen naproxen fn698",
      "Matched Specialty": "orthopedics",
      "Policy Impact": {
        "max_claim_limit": "35,000",
        "exclusions": [
          "sports injuries (pro)",
          "massage therapy"
        ]
      },
      "Confidence": 0.308
    }
  ]
}