{
  "source_pdf": "Patient_9a728d6d.pdf",
  "Extracted Prescription Data": {
    "Diagnosis": [
      "ra107"
    ],
    "Medications": [
      "levetiracetam"
    ],
    "Tests": [
      "ct head"
    ],
    "Visit Reason": [
      "tremors"
    ]
  },
  "Insurance Policy Impact": [
    {
      "Clinical Context Used": "tremors ct head levetiracetam ra107",
      "Matched Specialty": "neurology",
      "Policy Impact": {
        "max_claim_limit": "60,000",
        "exclusions": [
          "biofeedback",
          "experimental neurostim"
        ]
      },
      "Confidence": 0.228
    }
  ]
}