{
  "source_pdf": "Patient_0a62998e.pdf",
  "Extracted Prescription Data": {
    "Diagnosis": [
      "at398"
    ],
    "Medications": [
      "furosemide"
    ],
    "Tests": [
      "ecg"
    ],
    "Visit Reason": [
      "heart failure\ncheckup"
    ]
  },
  "Insurance Policy Impact": [
    {
      "Clinical Context Used": "heart failure\ncheckup ecg furosemide at398",
      "Matched Specialty": "cardiology",
      "Policy Impact": {
        "max_claim_limit": "50,000",
        "exclusions": [
          "cosmetic surgery",
          "experimental valve"
        ]
      },
      "Confidence": 0.232
    }
  ]
}