{
  "source_pdf": "Patient_bf75ea73.pdf",
  "Extracted Prescription Data": {
    "Diagnosis": [
      "fg294"
    ],
    "Medications": [
      "cyclobenzaprine",
      "ibuprofen"
    ],
    "Tests": [
      "arthroscopy",
      "x-ray"
    ],
    "Visit Reason": [
      "joint stiffness"
    ]
  },
  "Insurance Policy Impact": [
    {
      "Clinical Context Used": "joint stiffness arthroscopy x-ray cyclobenzaprine ibuprofen fg294",
      "Matched Specialty": "orthopedics",
      "Policy Impact": {
        "max_claim_limit": "35,000",
        "exclusions": [
          "sports injuries (pro)",
          "massage therapy"
        ]
      },
      "Confidence": 0.384
    }
  ]
}