{
  "source_pdf": "Patient_43426b97.pdf",
  "Extracted Prescription Data": {
    "Diagnosis": [
      "zi184"
    ],
    "Medications": [
      "atorvastatin"
    ],
    "Tests": [
      "holter monitor"
    ],
    "Visit Reason": [
      "hypertension"
    ]
  },
  "Insurance Policy Impact": [
    {
      "Clinical Context Used": "hypertension holter monitor atorvastatin zi184",
      "Matched Specialty": "cardiology",
      "Policy Impact": {
        "max_claim_limit": "50,000",
        "exclusions": [
          "cosmetic surgery",
          "experimental valve"
        ]
      },
      "Confidence": 0.233
    }
  ]
}