{
  "source_pdf": "Patient_3d76672a.pdf",
  "Extracted Prescription Data": {
    "Diagnosis": [
      "gg350"
    ],
    "Medications": [
      "amoxicillin",
      "ibuprofen"
    ],
    "Tests": [
      "tsh",
      "urinalysis"
    ],
    "Visit Reason": [
      "back pain"
    ]
  },
  "Insurance Policy Impact": [
    {
      "Clinical Context Used": "back pain tsh urinalysis amoxicillin ibuprofen gg350",
      "Matched Specialty": "orthopedics",
      "Policy Impact": {
        "max_claim_limit": "35,000",
        "exclusions": [
          "sports injuries (pro)",
          "massage therapy"
        ]
      },
      "Confidence": 0.272
    }
  ]
}