{
  "source_pdf": "Patient_8ae436c6.pdf",
  "Extracted Prescription Data": {
    "Diagnosis": [
      "",
      "cf529"
    ],
    "Medications": [
      "atorvastatin",
      "metoprolol",
      "warfarin"
    ],
    "Tests": [
      "cardiac ct",
      "holter monitor",
      "lipid panel"
    ],
    "Visit Reason": [
      "chest pain",
      "hypertension",
      "palpitations"
    ]
  },
  "Insurance Policy Impact": [
    {
      "Clinical Context Used": "chest pain hypertension palpitations cardiac ct holter monitor lipid panel atorvastatin metoprolol warfarin cf529",
      "Matched Specialty": "cardiology",
      "Policy Impact": {
        "max_claim_limit": "50,000",
        "exclusions": [
          "cosmetic surgery",
          "experimental valve"
        ]
      },
      "Confidence": 0.31
    }
  ]
}