{
  "source_pdf": "Patient_0bfce338.pdf",
  "Extracted Prescription Data": {
    "Diagnosis": [
      "mg806"
    ],
    "Medications": [
      "cyclobenzaprine"
    ],
    "Tests": [
      "mri"
    ],
    "Visit Reason": [
      "joint stiffness"
    ]
  },
  "Insurance Policy Impact": [
    {
      "Clinical Context Used": "joint stiffness mri cyclobenzaprine mg806",
      "Matched Specialty": "orthopedics",
      "Policy Impact": {
        "max_claim_limit": "35,000",
        "exclusions": [
          "sports injuries (pro)",
          "massage therapy"
        ]
      },
      "Confidence": 0.346
    }
  ]
}