{
  "source_pdf": "Patient_c400c76e.pdf",
  "Extracted Prescription Data": {
    "Diagnosis": [
      "fm349"
    ],
    "Medications": [
      "ibuprofen"
    ],
    "Tests": [
      "arthroscopy"
    ],
    "Visit Reason": [
      "arthritis"
    ]
  },
  "Insurance Policy Impact": [
    {
      "Clinical Context Used": "arthritis arthroscopy ibuprofen fm349",
      "Matched Specialty": "orthopedics",
      "Policy Impact": {
        "max_claim_limit": "35,000",
        "exclusions": [
          "sports injuries (pro)",
          "massage therapy"
        ]
      },
      "Confidence": 0.336
    }
  ]
}