{
  "source_pdf": "Patient_9ffd3430.pdf",
  "Extracted Prescription Data": {
    "Diagnosis": [
      "oz495"
    ],
    "Medications": [
      "gabapentin"
    ],
    "Tests": [
      "cognitive assessment",
      "emg"
    ],
    "Visit Reason": [
      "migraine"
    ]
  },
  "Insurance Policy Impact": [
    {
      "Clinical Context Used": "migraine cognitive assessment emg gabapentin oz495",
      "Matched Specialty": "neurology",
      "Policy Impact": {
        "max_claim_limit": "60,000",
        "exclusions": [
          "biofeedback",
          "experimental neurostim"
        ]
      },
      "Confidence": 0.338
    }
  ]
}