{
  "source_pdf": "Patient_dbf1fdc2.pdf",
  "Extracted Prescription Data": {
    "Diagnosis": [
      "xq485"
    ],
    "Medications": [
      "albuterol inhaler"
    ],
    "Tests": [
      "vision screen"
    ],
    "Visit Reason": [
      "ear infection"
    ]
  },
  "Insurance Policy Impact": [
    {
      "Clinical Context Used": "ear infection vision screen albuterol inhaler xq485",
      "Matched Specialty": "cardiology",
      "Policy Impact": {
        "max_claim_limit": "50,000",
        "exclusions": [
          "cosmetic surgery",
          "experimental valve"
        ]
      },
      "Confidence": 0.222
    }
  ]
}