{
  "source_pdf": "Patient_90fa3235.pdf",
  "Extracted Prescription Data": {
    "Diagnosis": [
      "fj752"
    ],
    "Medications": [
      "sertraline"
    ],
    "Tests": [
      "cmp"
    ],
    "Visit Reason": [
      "fatigue"
    ]
  },
  "Insurance Policy Impact": [
    {
      "Clinical Context Used": "fatigue cmp sertraline fj752",
      "Matched Specialty": "neurology",
      "Policy Impact": {
        "max_claim_limit": "60,000",
        "exclusions": [
          "biofeedback",
          "experimental neurostim"
        ]
      },
      "Confidence": 0.3
    }
  ]
}