{
  "source_pdf": "Patient_83494fda.pdf",
  "Extracted Prescription Data": {
    "Diagnosis": [
      "qy101"
    ],
    "Medications": [
      "meloxicam"
    ],
    "Tests": [
      "arthroscopy",
      "bone density scan"
    ],
    "Visit Reason": [
      "shoulder pain"
    ]
  },
  "Insurance Policy Impact": [
    {
      "Clinical Context Used": "shoulder pain arthroscopy bone density scan meloxicam qy101",
      "Matched Specialty": "orthopedics",
      "Policy Impact": {
        "max_claim_limit": "35,000",
        "exclusions": [
          "sports injuries (pro)",
          "massage therapy"
        ]
      },
      "Confidence": 0.266
    }
  ]
}