{
  "source_pdf": "Patient_46b6aeb4.pdf",
  "Extracted Prescription Data": {
    "Diagnosis": [
      "",
      "rw439"
    ],
    "Medications": [
      "amoxicillin",
      "levothyroxine",
      "lisinopril",
      "omeprazole",
      "simvastatin"
    ],
    "Tests": [
      "cmp",
      "hba1c",
      "lipid panel",
      "tsh",
      "urinalysis"
    ],
    "Visit Reason": [
      "back pain",
      "flu symptoms",
      "infection"
    ]
  },
  "Insurance Policy Impact": [
    {
      "Clinical Context Used": "back pain flu symptoms infection cmp hba1c lipid panel tsh urinalysis amoxicillin levothyroxine lisinopril omeprazole simvastatin rw439",
      "Matched Specialty": "neurology",
      "Policy Impact": {
        "max_claim_limit": "60,000",
        "exclusions": [
          "biofeedback",
          "experimental neurostim"
        ]
      },
      "Confidence": 0.27
    }
  ]
}