{
  "source_pdf": "Patient_1ca25583.pdf",
  "Extracted Prescription Data": {
    "Diagnosis": [
      "",
      "pd448"
    ],
    "Medications": [
      "amlodipine",
      "atorvastatin",
      "clopidogrel",
      "furosemide",
      "metoprolol"
    ],
    "Tests": [
      "echocardiogram",
      "holter monitor",
      "lipid panel",
      "stress test"
    ],
    "Visit Reason": [
      "arrhythmia",
      "shortness of breath"
    ]
  },
  "Insurance Policy Impact": [
    {
      "Clinical Context Used": "arrhythmia shortness of breath echocardiogram holter monitor lipid panel stress test amlodipine atorvastatin clopidogrel furosemide metoprolol pd448",
      "Matched Specialty": "cardiology",
      "Policy Impact": {
        "max_claim_limit": "50,000",
        "exclusions": [
          "cosmetic surgery",
          "experimental valve"
        ]
      },
      "Confidence": 0.253
    }
  ]
}