{
  "source_pdf": "Patient_58ff6374.pdf",
  "Extracted Prescription Data": {
    "Diagnosis": [
      "rg306"
    ],
    "Medications": [
      "cyclobenzaprine",
      "naproxen"
    ],
    "Tests": [
      "x-ray"
    ],
    "Visit Reason": [
      "shoulder pain"
    ]
  },
  "Insurance Policy Impact": [
    {
      "Clinical Context Used": "shoulder pain x-ray cyclobenzaprine naproxen rg306",
      "Matched Specialty": "orthopedics",
      "Policy Impact": {
        "max_claim_limit": "35,000",
        "exclusions": [
          "sports injuries (pro)",
          "massage therapy"
        ]
      },
      "Confidence": 0.369
    }
  ]
}