{
  "source_pdf": "Patient_157787f2.pdf",
  "Extracted Prescription Data": {
    "Diagnosis": [
      "cy741"
    ],
    "Medications": [
      "levetiracetam"
    ],
    "Tests": [
      "emg"
    ],
    "Visit Reason": [
      "memory loss"
    ]
  },
  "Insurance Policy Impact": [
    {
      "Clinical Context Used": "memory loss emg levetiracetam cy741",
      "Matched Specialty": "neurology",
      "Policy Impact": {
        "max_claim_limit": "60,000",
        "exclusions": [
          "biofeedback",
          "experimental neurostim"
        ]
      },
      "Confidence": 0.297
    }
  ]
}