{
  "source_pdf": "Patient_af4ad7c8.pdf",
  "Extracted Prescription Data": {
    "Diagnosis": [
      "gx387"
    ],
    "Medications": [
      "donepezil"
    ],
    "Tests": [
      "ct head"
    ],
    "Visit Reason": [
      "migraine"
    ]
  },
  "Insurance Policy Impact": [
    {
      "Clinical Context Used": "migraine ct head donepezil gx387",
      "Matched Specialty": "cardiology",
      "Policy Impact": {
        "max_claim_limit": "50,000",
        "exclusions": [
          "cosmetic surgery",
          "experimental valve"
        ]
      },
      "Confidence": 0.263
    }
  ]
}