{
  "source_pdf": "Patient_2e9d790d.pdf",
  "Extracted Prescription Data": {
    "Diagnosis": [
      "pj837"
    ],
    "Medications": [
      "amoxicillin",
      "simvastatin"
    ],
    "Tests": [
      "tsh"
    ],
    "Visit Reason": [
      "infection"
    ]
  },
  "Insurance Policy Impact": [
    {
      "Clinical Context Used": "infection tsh amoxicillin simvastatin pj837",
      "Matched Specialty": "gastroenterology",
      "Policy Impact": {
        "max_claim_limit": "40,000",
        "exclusions": [
          "dietary supplements",
          "detox programs"
        ]
      },
      "Confidence": 0.133
    }
  ]
}