{
  "source_pdf": "Patient_2cbbd5eb.pdf",
  "Extracted Prescription Data": {
    "Diagnosis": [
      "dr961"
    ],
    "Medications": [
      "ibuprofen",
      "omeprazole"
    ],
    "Tests": [
      "hba1c",
      "lipid panel"
    ],
    "Visit Reason": [
      "hypertension\nfollow-up"
    ]
  },
  "Insurance Policy Impact": [
    {
      "Clinical Context Used": "hypertension\nfollow-up hba1c lipid panel ibuprofen omeprazole dr961",
      "Matched Specialty": "cardiology",
      "Policy Impact": {
        "max_claim_limit": "50,000",
        "exclusions": [
          "cosmetic surgery",
          "experimental valve"
        ]
      },
      "Confidence": 0.166
    }
  ]
}