{
  "source_pdf": "Patient_b60d4d3a.pdf",
  "Extracted Prescription Data": {
    "Diagnosis": [
      "gu711"
    ],
    "Medications": [
      "carbamazepine"
    ],
    "Tests": [
      "cognitive assessment"
    ],
    "Visit Reason": [
      "neuropathy"
    ]
  },
  "Insurance Policy Impact": [
    {
      "Clinical Context Used": "neuropathy cognitive assessment carbamazepine gu711",
      "Matched Specialty": "neurology",
      "Policy Impact": {
        "max_claim_limit": "60,000",
        "exclusions": [
          "biofeedback",
          "experimental neurostim"
        ]
      },
      "Confidence": 0.32
    }
  ]
}