{
  "source_pdf": "Patient_f9848786.pdf",
  "Extracted Prescription Data": {
    "Diagnosis": [
      "kw908"
    ],
    "Medications": [
      "amoxicillin",
      "prednisolone"
    ],
    "Tests": [
      "cbc"
    ],
    "Visit Reason": [
      "rash"
    ]
  },
  "Insurance Policy Impact": [
    {
      "Clinical Context Used": "rash cbc amoxicillin prednisolone kw908",
      "Matched Specialty": "pediatrics",
      "Policy Impact": {
        "max_claim_limit": "25,000",
        "exclusions": [
          "growth hormones (cosmetic)",
          "developmental therapy"
        ]
      },
      "Confidence": 0.12
    }
  ]
}