{
  "source_pdf": "Patient_e7d4d47f.pdf",
  "Extracted Prescription Data": {
    "Diagnosis": [
      "tw853"
    ],
    "Medications": [
      "clopidogrel"
    ],
    "Tests": [
      "ecg",
      "stress test"
    ],
    "Visit Reason": [
      "arrhythmia"
    ]
  },
  "Insurance Policy Impact": [
    {
      "Clinical Context Used": "arrhythmia ecg stress test clopidogrel tw853",
      "Matched Specialty": "cardiology",
      "Policy Impact": {
        "max_claim_limit": "50,000",
        "exclusions": [
          "cosmetic surgery",
          "experimental valve"
        ]
      },
      "Confidence": 0.188
    }
  ]
}