{
  "source_pdf": "Patient_ff8bc884.pdf",
  "Extracted Prescription Data": {
    "Diagnosis": [
      "qj064"
    ],
    "Medications": [
      "hydrocodone"
    ],
    "Tests": [
      "arthroscopy",
      "ct scan"
    ],
    "Visit Reason": [
      "arthritis"
    ]
  },
  "Insurance Policy Impact": [
    {
      "Clinical Context Used": "arthritis arthroscopy ct scan hydrocodone qj064",
      "Matched Specialty": "orthopedics",
      "Policy Impact": {
        "max_claim_limit": "35,000",
        "exclusions": [
          "sports injuries (pro)",
          "massage therapy"
        ]
      },
      "Confidence": 0.241
    }
  ]
}