{
  "source_pdf": "Patient_106b3069.pdf",
  "Extracted Prescription Data": {
    "Diagnosis": [
      "bi526"
    ],
    "Medications": [
      "carbamazepine"
    ],
    "Tests": [
      "emg"
    ],
    "Visit Reason": [
      "neuropathy"
    ]
  },
  "Insurance Policy Impact": [
    {
      "Clinical Context Used": "neuropathy emg carbamazepine bi526",
      "Matched Specialty": "neurology",
      "Policy Impact": {
        "max_claim_limit": "60,000",
        "exclusions": [
          "biofeedback",
          "experimental neurostim"
        ]
      },
      "Confidence": 0.342
    }
  ]
}