{
  "source_pdf": "Patient_d7012348.pdf",
  "Extracted Prescription Data": {
    "Diagnosis": [
      "rt256"
    ],
    "Medications": [
      "lisinopril",
      "omeprazole"
    ],
    "Tests": [
      "cbc",
      "urinalysis"
    ],
    "Visit Reason": [
      "hypertension\nfollow-up"
    ]
  },
  "Insurance Policy Impact": [
    {
      "Clinical Context Used": "hypertension\nfollow-up cbc urinalysis lisinopril omeprazole rt256",
      "Matched Specialty": "gastroenterology",
      "Policy Impact": {
        "max_claim_limit": "40,000",
        "exclusions": [
          "dietary supplements",
          "detox programs"
        ]
      },
      "Confidence": 0.245
    }
  ]
}