{
  "source_pdf": "Patient_a8f385bb.pdf",
  "Extracted Prescription Data": {
    "Diagnosis": [
      "cy741"
    ],
    "Medications": [
      "sumatriptan"
    ],
    "Tests": [
      "eeg"
    ],
    "Visit Reason": [
      "neuropathy"
    ]
  },
  "Insurance Policy Impact": [
    {
      "Clinical Context Used": "neuropathy eeg sumatriptan cy741",
      "Matched Specialty": "neurology",
      "Policy Impact": {
        "max_claim_limit": "60,000",
        "exclusions": [
          "biofeedback",
          "experimental neurostim"
        ]
      },
      "Confidence": 0.432
    }
  ]
}