{
  "source_pdf": "Patient_94129180.pdf",
  "Extracted Prescription Data": {
    "Diagnosis": [
      "ul138"
    ],
    "Medications": [
      "clopidogrel",
      "furosemide"
    ],
    "Tests": [
      "echocardiogram",
      "troponin test"
    ],
    "Visit Reason": [
      "hypertension"
    ]
  },
  "Insurance Policy Impact": [
    {
      "Clinical Context Used": "hypertension echocardiogram troponin test clopidogrel furosemide ul138",
      "Matched Specialty": "cardiology",
      "Policy Impact": {
        "max_claim_limit": "50,000",
        "exclusions": [
          "cosmetic surgery",
          "experimental valve"
        ]
      },
      "Confidence": 0.23
    }
  ]
}