{
  "source_pdf": "Patient_2cadab59.pdf",
  "Extracted Prescription Data": {
    "Diagnosis": [
      "ol076"
    ],
    "Medications": [
      "donepezil",
      "gabapentin"
    ],
    "Tests": [
      "cognitive assessment",
      "nerve conduction study"
    ],
    "Visit Reason": [
      "tingling"
    ]
  },
  "Insurance Policy Impact": [
    {
      "Clinical Context Used": "tingling cognitive assessment nerve conduction study donepezil gabapentin ol076",
      "Matched Specialty": "neurology",
      "Policy Impact": {
        "max_claim_limit": "60,000",
        "exclusions": [
          "biofeedback",
          "experimental neurostim"
        ]
      },
      "Confidence": 0.417
    }
  ]
}