{
  "source_pdf": "Patient_7a197166.pdf",
  "Extracted Prescription Data": {
    "Diagnosis": [
      "qf919"
    ],
    "Medications": [
      "lisinopril"
    ],
    "Tests": [
      "ecg"
    ],
    "Visit Reason": [
      "heart failure\ncheckup"
    ]
  },
  "Insurance Policy Impact": [
    {
      "Clinical Context Used": "heart failure\ncheckup ecg lisinopril qf919",
      "Matched Specialty": "cardiology",
      "Policy Impact": {
        "max_claim_limit": "50,000",
        "exclusions": [
          "cosmetic surgery",
          "experimental valve"
        ]
      },
      "Confidence": 0.265
    }
  ]
}