{
  "source_pdf": "Patient_79605c6f.pdf",
  "Extracted Prescription Data": {
    "Diagnosis": [
      "en405"
    ],
    "Medications": [
      "ibuprofen"
    ],
    "Tests": [
      "rsv test"
    ],
    "Visit Reason": [
      "cough"
    ]
  },
  "Insurance Policy Impact": [
    {
      "Clinical Context Used": "cough rsv test ibuprofen en405",
      "Matched Specialty": "general practice",
      "Policy Impact": {
        "max_claim_limit": null,
        "exclusions": [
          "not available"
        ]
      },
      "Confidence": 0.164
    }
  ]
}