{
  "source_pdf": "Patient_8f9f6d47.pdf",
  "Extracted Prescription Data": {
    "Diagnosis": [
      "vu238"
    ],
    "Medications": [
      "acetaminophen",
      "ceftriaxone"
    ],
    "Tests": [
      "lead screening",
      "strep test"
    ],
    "Visit Reason": [
      "sore throat"
    ]
  },
  "Insurance Policy Impact": [
    {
      "Clinical Context Used": "sore throat lead screening strep test acetaminophen ceftriaxone vu238",
      "Matched Specialty": "gastroenterology",
      "Policy Impact": {
        "max_claim_limit": "40,000",
        "exclusions": [
          "dietary supplements",
          "detox programs"
        ]
      },
      "Confidence": 0.199
    }
  ]
}