{
  "source_pdf": "Patient_47f44b25.pdf",
  "Extracted Prescription Data": {
    "Diagnosis": [
      "gv425"
    ],
    "Medications": [
      "ibuprofen"
    ],
    "Tests": [
      "mri"
    ],
    "Visit Reason": [
      "back pain"
    ]
  },
  "Insurance Policy Impact": [
    {
      "Clinical Context Used": "back pain mri ibuprofen gv425",
      "Matched Specialty": "orthopedics",
      "Policy Impact": {
        "max_claim_limit": "35,000",
        "exclusions": [
          "sports injuries (pro)",
          "massage therapy"
        ]
      },
      "Confidence": 0.314
    }
  ]
}