{
  "source_pdf": "Patient_74771bac.pdf",
  "Extracted Prescription Data": {
    "Diagnosis": [
      "yx342"
    ],
    "Medications": [
      "topiramate"
    ],
    "Tests": [
      "mri brain"
    ],
    "Visit Reason": [
      "chronic headaches"
    ]
  },
  "Insurance Policy Impact": [
    {
      "Clinical Context Used": "chronic headaches mri brain topiramate yx342",
      "Matched Specialty": "neurology",
      "Policy Impact": {
        "max_claim_limit": "60,000",
        "exclusions": [
          "biofeedback",
          "experimental neurostim"
        ]
      },
      "Confidence": 0.346
    }
  ]
}