{
  "source_pdf": "Patient_530979ce.pdf",
  "Extracted Prescription Data": {
    "Diagnosis": [
      "gn377"
    ],
    "Medications": [
      "levothyroxine"
    ],
    "Tests": [
      "cbc",
      "lipid panel"
    ],
    "Visit Reason": [
      "hypertension\nfollow-up"
    ]
  },
  "Insurance Policy Impact": [
    {
      "Clinical Context Used": "hypertension\nfollow-up cbc lipid panel levothyroxine gn377",
      "Matched Specialty": "cardiology",
      "Policy Impact": {
        "max_claim_limit": "50,000",
        "exclusions": [
          "cosmetic surgery",
          "experimental valve"
        ]
      },
      "Confidence": 0.209
    }
  ]
}