{
  "source_pdf": "Patient_64e18267.pdf",
  "Extracted Prescription Data": {
    "Diagnosis": [
      "ix536"
    ],
    "Medications": [
      "amoxicillin",
      "azithromycin",
      "ibuprofen",
      "prednisolone"
    ],
    "Tests": [
      "lead screening",
      "strep test"
    ],
    "Visit Reason": [
      "sore throat",
      "stomach pain",
      "vaccination"
    ]
  },
  "Insurance Policy Impact": [
    {
      "Clinical Context Used": "sore throat stomach pain vaccination lead screening strep test amoxicillin azithromycin ibuprofen prednisolone ix536",
      "Matched Specialty": "gastroenterology",
      "Policy Impact": {
        "max_claim_limit": "40,000",
        "exclusions": [
          "dietary supplements",
          "detox programs"
        ]
      },
      "Confidence": 0.21
    }
  ]
}