{
  "source_pdf": "Patient_b0275dcd.pdf",
  "Extracted Prescription Data": {
    "Diagnosis": [
      "dr961"
    ],
    "Medications": [
      "ibuprofen",
      "levothyroxine"
    ],
    "Tests": [
      "lipid panel"
    ],
    "Visit Reason": [
      "infection"
    ]
  },
  "Insurance Policy Impact": [
    {
      "Clinical Context Used": "infection lipid panel ibuprofen levothyroxine dr961",
      "Matched Specialty": "cardiology",
      "Policy Impact": {
        "max_claim_limit": "50,000",
        "exclusions": [
          "cosmetic surgery",
          "experimental valve"
        ]
      },
      "Confidence": 0.227
    }
  ]
}