{
  "source_pdf": "Patient_2fe2a035.pdf",
  "Extracted Prescription Data": {
    "Diagnosis": [
      "at374"
    ],
    "Medications": [
      "atorvastatin"
    ],
    "Tests": [
      "ecg"
    ],
    "Visit Reason": [
      "arrhythmia"
    ]
  },
  "Insurance Policy Impact": [
    {
      "Clinical Context Used": "arrhythmia ecg atorvastatin at374",
      "Matched Specialty": "cardiology",
      "Policy Impact": {
        "max_claim_limit": "50,000",
        "exclusions": [
          "cosmetic surgery",
          "experimental valve"
        ]
      },
      "Confidence": 0.214
    }
  ]
}