{
  "source_pdf": "Patient_c6d5ff34.pdf",
  "Extracted Prescription Data": {
    "Diagnosis": [
      "nt826"
    ],
    "Medications": [
      "ibuprofen"
    ],
    "Tests": [
      "bone density scan",
      "mri"
    ],
    "Visit Reason": [
      "shoulder pain"
    ]
  },
  "Insurance Policy Impact": [
    {
      "Clinical Context Used": "shoulder pain bone density scan mri ibuprofen nt826",
      "Matched Specialty": "orthopedics",
      "Policy Impact": {
        "max_claim_limit": "35,000",
        "exclusions": [
          "sports injuries (pro)",
          "massage therapy"
        ]
      },
      "Confidence": 0.314
    }
  ]
}