{
  "source_pdf": "Patient_8a26c14e.pdf",
  "Extracted Prescription Data": {
    "Diagnosis": [
      "rz088"
    ],
    "Medications": [
      "albuterol inhaler"
    ],
    "Tests": [
      "influenza test"
    ],
    "Visit Reason": [
      "annual checkup"
    ]
  },
  "Insurance Policy Impact": [
    {
      "Clinical Context Used": "annual checkup influenza test albuterol inhaler rz088",
      "Matched Specialty": "gastroenterology",
      "Policy Impact": {
        "max_claim_limit": "40,000",
        "exclusions": [
          "dietary supplements",
          "detox programs"
        ]
      },
      "Confidence": 0.145
    }
  ]
}