{
  "source_pdf": "Patient_ab0b6f2f.pdf",
  "Extracted Prescription Data": {
    "Diagnosis": [
      "sk767"
    ],
    "Medications": [
      "azithromycin"
    ],
    "Tests": [
      "influenza test"
    ],
    "Visit Reason": [
      "annual checkup"
    ]
  },
  "Insurance Policy Impact": [
    {
      "Clinical Context Used": "annual checkup influenza test azithromycin sk767",
      "Matched Specialty": "general practice",
      "Policy Impact": {
        "max_claim_limit": null,
        "exclusions": [
          "not available"
        ]
      },
      "Confidence": 0.176
    }
  ]
}