{
  "source_pdf": "Patient_d1a8dae5.pdf",
  "Extracted Prescription Data": {
    "Diagnosis": [
      "zn376"
    ],
    "Medications": [
      "amlodipine"
    ],
    "Tests": [
      "holter monitor"
    ],
    "Visit Reason": [
      "chest pain"
    ]
  },
  "Insurance Policy Impact": [
    {
      "Clinical Context Used": "chest pain holter monitor amlodipine zn376",
      "Matched Specialty": "cardiology",
      "Policy Impact": {
        "max_claim_limit": "50,000",
        "exclusions": [
          "cosmetic surgery",
          "experimental valve"
        ]
      },
      "Confidence": 0.273
    }
  ]
}