{
  "source_pdf": "Patient_9b9fa584.pdf",
  "Extracted Prescription Data": {
    "Diagnosis": [
      "zc762"
    ],
    "Medications": [
      "albuterol inhaler"
    ],
    "Tests": [
      "cbc",
      "rsv test"
    ],
    "Visit Reason": [
      "fever"
    ]
  },
  "Insurance Policy Impact": [
    {
      "Clinical Context Used": "fever cbc rsv test albuterol inhaler zc762",
      "Matched Specialty": "cardiology",
      "Policy Impact": {
        "max_claim_limit": "50,000",
        "exclusions": [
          "cosmetic surgery",
          "experimental valve"
        ]
      },
      "Confidence": 0.119
    }
  ]
}