{
  "source_pdf": "Patient_dec21ce4.pdf",
  "Extracted Prescription Data": {
    "Diagnosis": [
      "cz521"
    ],
    "Medications": [
      "amlodipine"
    ],
    "Tests": [
      "troponin test"
    ],
    "Visit Reason": [
      "shortness of breath"
    ]
  },
  "Insurance Policy Impact": [
    {
      "Clinical Context Used": "shortness of breath troponin test amlodipine cz521",
      "Matched Specialty": "gastroenterology",
      "Policy Impact": {
        "max_claim_limit": "40,000",
        "exclusions": [
          "dietary supplements",
          "detox programs"
        ]
      },
      "Confidence": 0.209
    }
  ]
}