{
  "source_pdf": "Patient_796f39a4.pdf",
  "Extracted Prescription Data": {
    "Diagnosis": [
      "nl179"
    ],
    "Medications": [
      "acetaminophen"
    ],
    "Tests": [
      "cbc"
    ],
    "Visit Reason": [
      "ear infection"
    ]
  },
  "Insurance Policy Impact": [
    {
      "Clinical Context Used": "ear infection cbc acetaminophen nl179",
      "Matched Specialty": "orthopedics",
      "Policy Impact": {
        "max_claim_limit": "35,000",
        "exclusions": [
          "sports injuries (pro)",
          "massage therapy"
        ]
      },
      "Confidence": 0.122
    }
  ]
}