{
  "source_pdf": "Patient_c5a27170.pdf",
  "Extracted Prescription Data": {
    "Diagnosis": [
      "sk767"
    ],
    "Medications": [
      "albuterol inhaler"
    ],
    "Tests": [
      "vision screen"
    ],
    "Visit Reason": [
      "cough"
    ]
  },
  "Insurance Policy Impact": [
    {
      "Clinical Context Used": "cough vision screen albuterol inhaler sk767",
      "Matched Specialty": "general practice",
      "Policy Impact": {
        "max_claim_limit": null,
        "exclusions": [
          "not available"
        ]
      },
      "Confidence": 0.18
    }
  ]
}