{
  "source_pdf": "Patient_570e1fae.pdf",
  "Extracted Prescription Data": {
    "Diagnosis": [
      "um710"
    ],
    "Medications": [
      "lisinopril",
      "sertraline"
    ],
    "Tests": [
      "tsh"
    ],
    "Visit Reason": [
      "flu symptoms"
    ]
  },
  "Insurance Policy Impact": [
    {
      "Clinical Context Used": "flu symptoms tsh lisinopril sertraline um710",
      "Matched Specialty": "neurology",
      "Policy Impact": {
        "max_claim_limit": "60,000",
        "exclusions": [
          "biofeedback",
          "experimental neurostim"
        ]
      },
      "Confidence": 0.139
    }
  ]
}