{
  "source_pdf": "Patient_52ff4285.pdf",
  "Extracted Prescription Data": {
    "Diagnosis": [
      "jf294"
    ],
    "Medications": [
      "gabapentin",
      "levetiracetam"
    ],
    "Tests": [
      "emg"
    ],
    "Visit Reason": [
      "migraine"
    ]
  },
  "Insurance Policy Impact": [
    {
      "Clinical Context Used": "migraine emg gabapentin levetiracetam jf294",
      "Matched Specialty": "neurology",
      "Policy Impact": {
        "max_claim_limit": "60,000",
        "exclusions": [
          "biofeedback",
          "experimental neurostim"
        ]
      },
      "Confidence": 0.349
    }
  ]
}