{
  "source_pdf": "Patient_daa33ced.pdf",
  "Extracted Prescription Data": {
    "Diagnosis": [
      "vj985"
    ],
    "Medications": [
      "atorvastatin"
    ],
    "Tests": [
      "echocardiogram"
    ],
    "Visit Reason": [
      "chest pain"
    ]
  },
  "Insurance Policy Impact": [
    {
      "Clinical Context Used": "chest pain echocardiogram atorvastatin vj985",
      "Matched Specialty": "cardiology",
      "Policy Impact": {
        "max_claim_limit": "50,000",
        "exclusions": [
          "cosmetic surgery",
          "experimental valve"
        ]
      },
      "Confidence": 0.303
    }
  ]
}