{
  "source_pdf": "Patient_a41f3260.pdf",
  "Extracted Prescription Data": {
    "Diagnosis": [
      "rz088"
    ],
    "Medications": [
      "acetaminophen"
    ],
    "Tests": [
      "cbc",
      "rsv test"
    ],
    "Visit Reason": [
      "growth check"
    ]
  },
  "Insurance Policy Impact": [
    {
      "Clinical Context Used": "growth check cbc rsv test acetaminophen rz088",
      "Matched Specialty": "pediatrics",
      "Policy Impact": {
        "max_claim_limit": "25,000",
        "exclusions": [
          "growth hormones (cosmetic)",
          "developmental therapy"
        ]
      },
      "Confidence": 0.252
    }
  ]
}