{
  "source_pdf": "Patient_4683c6ed.pdf",
  "Extracted Prescription Data": {
    "Diagnosis": [
      "uq290"
    ],
    "Medications": [
      "ibuprofen",
      "meloxicam"
    ],
    "Tests": [
      "arthroscopy",
      "ct scan"
    ],
    "Visit Reason": [
      "back pain"
    ]
  },
  "Insurance Policy Impact": [
    {
      "Clinical Context Used": "back pain arthroscopy ct scan ibuprofen meloxicam uq290",
      "Matched Specialty": "orthopedics",
      "Policy Impact": {
        "max_claim_limit": "35,000",
        "exclusions": [
          "sports injuries (pro)",
          "massage therapy"
        ]
      },
      "Confidence": 0.286
    }
  ]
}