{
  "source_pdf": "Patient_de008111.pdf",
  "Extracted Prescription Data": {
    "Diagnosis": [
      "su297"
    ],
    "Medications": [
      "albuterol inhaler",
      "ceftriaxone"
    ],
    "Tests": [
      "strep test"
    ],
    "Visit Reason": [
      "cough"
    ]
  },
  "Insurance Policy Impact": [
    {
      "Clinical Context Used": "cough strep test albuterol inhaler ceftriaxone su297",
      "Matched Specialty": "gastroenterology",
      "Policy Impact": {
        "max_claim_limit": "40,000",
        "exclusions": [
          "dietary supplements",
          "detox programs"
        ]
      },
      "Confidence": 0.203
    }
  ]
}