{
  "source_pdf": "Patient_72a99a12.pdf",
  "Extracted Prescription Data": {
    "Diagnosis": [
      "zh659"
    ],
    "Medications": [
      "nitroglycerin",
      "warfarin"
    ],
    "Tests": [
      "lipid panel"
    ],
    "Visit Reason": [
      "hypertension"
    ]
  },
  "Insurance Policy Impact": [
    {
      "Clinical Context Used": "hypertension lipid panel nitroglycerin warfarin zh659",
      "Matched Specialty": "cardiology",
      "Policy Impact": {
        "max_claim_limit": "50,000",
        "exclusions": [
          "cosmetic surgery",
          "experimental valve"
        ]
      },
      "Confidence": 0.215
    }
  ]
}