{
  "source_pdf": "Patient_0d6c2bb2.pdf",
  "Extracted Prescription Data": {
    "Diagnosis": [
      "mh321"
    ],
    "Medications": [
      "omeprazole"
    ],
    "Tests": [
      "urinalysis"
    ],
    "Visit Reason": [
      "hypertension\nfollow-up"
    ]
  },
  "Insurance Policy Impact": [
    {
      "Clinical Context Used": "hypertension\nfollow-up urinalysis omeprazole mh321",
      "Matched Specialty": "gastroenterology",
      "Policy Impact": {
        "max_claim_limit": "40,000",
        "exclusions": [
          "dietary supplements",
          "detox programs"
        ]
      },
      "Confidence": 0.253
    }
  ]
}