{
  "source_pdf": "Patient_d5815975.pdf",
  "Extracted Prescription Data": {
    "Diagnosis": [
      "iq754"
    ],
    "Medications": [
      "metoprolol",
      "nitroglycerin"
    ],
    "Tests": [
      "lipid panel"
    ],
    "Visit Reason": [
      "shortness of breath"
    ]
  },
  "Insurance Policy Impact": [
    {
      "Clinical Context Used": "shortness of breath lipid panel metoprolol nitroglycerin iq754",
      "Matched Specialty": "cardiology",
      "Policy Impact": {
        "max_claim_limit": "50,000",
        "exclusions": [
          "cosmetic surgery",
          "experimental valve"
        ]
      },
      "Confidence": 0.242
    }
  ]
}