{
  "source_pdf": "Patient_bcf1b1f6.pdf",
  "Extracted Prescription Data": {
    "Diagnosis": [
      "sr439"
    ],
    "Medications": [
      "naproxen"
    ],
    "Tests": [
      "bone density scan"
    ],
    "Visit Reason": [
      "shoulder pain"
    ]
  },
  "Insurance Policy Impact": [
    {
      "Clinical Context Used": "shoulder pain bone density scan naproxen sr439",
      "Matched Specialty": "orthopedics",
      "Policy Impact": {
        "max_claim_limit": "35,000",
        "exclusions": [
          "sports injuries (pro)",
          "massage therapy"
        ]
      },
      "Confidence": 0.288
    }
  ]
}