{
  "source_pdf": "Patient_bc6c6a61.pdf",
  "Extracted Prescription Data": {
    "Diagnosis": [
      "",
      "dp799",
      "rg387"
    ],
    "Medications": [
      "amlodipine",
      "atorvastatin",
      "furosemide",
      "lisinopril"
    ],
    "Tests": [
      "ecg",
      "holter monitor",
      "stress test",
      "troponin test"
    ],
    "Visit Reason": [
      "angina",
      "heart failure\ncheckup",
      "hypertension"
    ]
  },
  "Insurance Policy Impact": [
    {
      "Clinical Context Used": "angina heart failure\ncheckup hypertension ecg holter monitor stress test troponin test amlodipine atorvastatin furosemide lisinopril dp799 rg387",
      "Matched Specialty": "cardiology",
      "Policy Impact": {
        "max_claim_limit": "50,000",
        "exclusions": [
          "cosmetic surgery",
          "experimental valve"
        ]
      },
      "Confidence": 0.199
    }
  ]
}