{
  "source_pdf": "Patient_78a4c2c9.pdf",
  "Extracted Prescription Data": {
    "Diagnosis": [
      "ga913"
    ],
    "Medications": [
      "metformin",
      "sertraline"
    ],
    "Tests": [
      "lipid panel"
    ],
    "Visit Reason": [
      "infection"
    ]
  },
  "Insurance Policy Impact": [
    {
      "Clinical Context Used": "infection lipid panel metformin sertraline ga913",
      "Matched Specialty": "cardiology",
      "Policy Impact": {
        "max_claim_limit": "50,000",
        "exclusions": [
          "cosmetic surgery",
          "experimental valve"
        ]
      },
      "Confidence": 0.15
    }
  ]
}