{
  "source_pdf": "Patient_55e9ab00.pdf",
  "Extracted Prescription Data": {
    "Diagnosis": [
      "rw488"
    ],
    "Medications": [
      "levetiracetam"
    ],
    "Tests": [
      "eeg"
    ],
    "Visit Reason": [
      "migraine"
    ]
  },
  "Insurance Policy Impact": [
    {
      "Clinical Context Used": "migraine eeg levetiracetam rw488",
      "Matched Specialty": "neurology",
      "Policy Impact": {
        "max_claim_limit": "60,000",
        "exclusions": [
          "biofeedback",
          "experimental neurostim"
        ]
      },
      "Confidence": 0.352
    }
  ]
}