{
  "source_pdf": "Patient_3c9c3f13.pdf",
  "Extracted Prescription Data": {
    "Diagnosis": [
      "wa084"
    ],
    "Medications": [
      "lamotrigine"
    ],
    "Tests": [
      "ct head",
      "lumbar puncture"
    ],
    "Visit Reason": [
      "memory loss"
    ]
  },
  "Insurance Policy Impact": [
    {
      "Clinical Context Used": "memory loss ct head lumbar puncture lamotrigine wa084",
      "Matched Specialty": "neurology",
      "Policy Impact": {
        "max_claim_limit": "60,000",
        "exclusions": [
          "biofeedback",
          "experimental neurostim"
        ]
      },
      "Confidence": 0.219
    }
  ]
}