{
  "source_pdf": "Patient_ca786a07.pdf",
  "Extracted Prescription Data": {
    "Diagnosis": [
      "ec586"
    ],
    "Medications": [
      "cyclobenzaprine",
      "tramadol"
    ],
    "Tests": [
      "arthroscopy",
      "ct scan"
    ],
    "Visit Reason": [
      "hip pain"
    ]
  },
  "Insurance Policy Impact": [
    {
      "Clinical Context Used": "hip pain arthroscopy ct scan cyclobenzaprine tramadol ec586",
      "Matched Specialty": "orthopedics",
      "Policy Impact": {
        "max_claim_limit": "35,000",
        "exclusions": [
          "sports injuries (pro)",
          "massage therapy"
        ]
      },
      "Confidence": 0.317
    }
  ]
}