{
  "source_pdf": "Patient_73218546.pdf",
  "Extracted Prescription Data": {
    "Diagnosis": [
      "",
      "xk727"
    ],
    "Medications": [
      "celecoxib",
      "cyclobenzaprine",
      "hydrocodone",
      "ibuprofen",
      "tramadol"
    ],
    "Tests": [
      "arthroscopy",
      "bone density scan",
      "ct scan",
      "mri"
    ],
    "Visit Reason": [
      "back pain",
      "hip pain",
      "joint stiffness",
      "knee pain"
    ]
  },
  "Insurance Policy Impact": [
    {
      "Clinical Context Used": "back pain hip pain joint stiffness knee pain arthroscopy bone density scan ct scan mri celecoxib cyclobenzaprine hydrocodone ibuprofen tramadol xk727",
      "Matched Specialty": "orthopedics",
      "Policy Impact": {
        "max_claim_limit": "35,000",
        "exclusions": [
          "sports injuries (pro)",
          "massage therapy"
        ]
      },
      "Confidence": 0.393
    }
  ]
}