{
  "source_pdf": "Patient_fc2b14cc.pdf",
  "Extracted Prescription Data": {
    "Diagnosis": [
      "nx068"
    ],
    "Medications": [
      "sumatriptan"
    ],
    "Tests": [
      "eeg"
    ],
    "Visit Reason": [
      "neuropathy"
    ]
  },
  "Insurance Policy Impact": [
    {
      "Clinical Context Used": "neuropathy eeg sumatriptan nx068",
      "Matched Specialty": "neurology",
      "Policy Impact": {
        "max_claim_limit": "60,000",
        "exclusions": [
          "biofeedback",
          "experimental neurostim"
        ]
      },
      "Confidence": 0.471
    }
  ]
}