{
  "source_pdf": "Patient_214136ef.pdf",
  "Extracted Prescription Data": {
    "Diagnosis": [
      "nd225"
    ],
    "Medications": [
      "metoprolol"
    ],
    "Tests": [
      "troponin test"
    ],
    "Visit Reason": [
      "hypertension"
    ]
  },
  "Insurance Policy Impact": [
    {
      "Clinical Context Used": "hypertension troponin test metoprolol nd225",
      "Matched Specialty": "gastroenterology",
      "Policy Impact": {
        "max_claim_limit": "40,000",
        "exclusions": [
          "dietary supplements",
          "detox programs"
        ]
      },
      "Confidence": 0.192
    }
  ]
}