{
  "source_pdf": "Patient_158960cb.pdf",
  "Extracted Prescription Data": {
    "Diagnosis": [
      "hx486"
    ],
    "Medications": [
      "meloxicam"
    ],
    "Tests": [
      "arthroscopy",
      "x-ray"
    ],
    "Visit Reason": [
      "arthritis"
    ]
  },
  "Insurance Policy Impact": [
    {
      "Clinical Context Used": "arthritis arthroscopy x-ray meloxicam hx486",
      "Matched Specialty": "orthopedics",
      "Policy Impact": {
        "max_claim_limit": "35,000",
        "exclusions": [
          "sports injuries (pro)",
          "massage therapy"
        ]
      },
      "Confidence": 0.25
    }
  ]
}