{
  "source_pdf": "Patient_ca1be0dd.pdf",
  "Extracted Prescription Data": {
    "Diagnosis": [
      "sa629"
    ],
    "Medications": [
      "ibuprofen"
    ],
    "Tests": [
      "bone density scan"
    ],
    "Visit Reason": [
      "hip pain"
    ]
  },
  "Insurance Policy Impact": [
    {
      "Clinical Context Used": "hip pain bone density scan ibuprofen sa629",
      "Matched Specialty": "orthopedics",
      "Policy Impact": {
        "max_claim_limit": "35,000",
        "exclusions": [
          "sports injuries (pro)",
          "massage therapy"
        ]
      },
      "Confidence": 0.311
    }
  ]
}