{
  "source_pdf": "Patient_9a4f7a26.pdf",
  "Extracted Prescription Data": {
    "Diagnosis": [
      "",
      "vg643"
    ],
    "Medications": [
      "ibuprofen",
      "lisinopril",
      "metformin",
      "omeprazole"
    ],
    "Tests": [
      "cbc",
      "cmp",
      "hba1c"
    ],
    "Visit Reason": [
      "abdominal pain"
    ]
  },
  "Insurance Policy Impact": [
    {
      "Clinical Context Used": "abdominal pain cbc cmp hba1c ibuprofen lisinopril metformin omeprazole vg643",
      "Matched Specialty": "gastroenterology",
      "Policy Impact": {
        "max_claim_limit": "40,000",
        "exclusions": [
          "dietary supplements",
          "detox programs"
        ]
      },
      "Confidence": 0.263
    }
  ]
}