{
  "source_pdf": "Patient_d8abf54f.pdf",
  "Extracted Prescription Data": {
    "Diagnosis": [
      "xw966"
    ],
    "Medications": [
      "sertraline"
    ],
    "Tests": [
      "cmp",
      "tsh"
    ],
    "Visit Reason": [
      "infection"
    ]
  },
  "Insurance Policy Impact": [
    {
      "Clinical Context Used": "infection cmp tsh sertraline xw966",
      "Matched Specialty": "neurology",
      "Policy Impact": {
        "max_claim_limit": "60,000",
        "exclusions": [
          "biofeedback",
          "experimental neurostim"
        ]
      },
      "Confidence": 0.144
    }
  ]
}