{
  "source_pdf": "Patient_021629f6.pdf",
  "Extracted Prescription Data": {
    "Diagnosis": [
      "yc099"
    ],
    "Medications": [
      "amoxicillin"
    ],
    "Tests": [
      "hearing test",
      "rsv test"
    ],
    "Visit Reason": [
      "sore throat"
    ]
  },
  "Insurance Policy Impact": [
    {
      "Clinical Context Used": "sore throat hearing test rsv test amoxicillin yc099",
      "Matched Specialty": "cardiology",
      "Policy Impact": {
        "max_claim_limit": "50,000",
        "exclusions": [
          "cosmetic surgery",
          "experimental valve"
        ]
      },
      "Confidence": 0.108
    }
  ]
}