{
  "source_pdf": "Patient_89626c6c.pdf",
  "Extracted Prescription Data": {
    "Diagnosis": [
      "",
      "jn379",
      "os475"
    ],
    "Medications": [
      "ibuprofen",
      "lisinopril",
      "metformin",
      "omeprazole",
      "simvastatin"
    ],
    "Tests": [
      "cbc",
      "cmp",
      "hba1c",
      "lipid panel",
      "tsh"
    ],
    "Visit Reason": [
      "allergy",
      "diabetes manageme\nnt",
      "flu symptoms",
      "hypertension\nfollow-up",
      "infection"
    ]
  },
  "Insurance Policy Impact": [
    {
      "Clinical Context Used": "allergy diabetes manageme\nnt flu symptoms hypertension\nfollow-up infection cbc cmp hba1c lipid panel tsh ibuprofen lisinopril metformin omeprazole simvastatin jn379 os475",
      "Matched Specialty": "gastroenterology",
      "Policy Impact": {
        "max_claim_limit": "40,000",
        "exclusions": [
          "dietary supplements",
          "detox programs"
        ]
      },
      "Confidence": 0.116
    }
  ]
}