{
  "source_pdf": "Patient_ed4fab78.pdf",
  "Extracted Prescription Data": {
    "Diagnosis": [
      "oy719"
    ],
    "Medications": [
      "acetaminophen"
    ],
    "Tests": [
      "vision screen"
    ],
    "Visit Reason": [
      "ear infection"
    ]
  },
  "Insurance Policy Impact": [
    {
      "Clinical Context Used": "ear infection vision screen acetaminophen oy719",
      "Matched Specialty": "cardiology",
      "Policy Impact": {
        "max_claim_limit": "50,000",
        "exclusions": [
          "cosmetic surgery",
          "experimental valve"
        ]
      },
      "Confidence": 0.111
    }
  ]
}