{
  "source_pdf": "Patient_0393dc3e.pdf",
  "Extracted Prescription Data": {
    "Diagnosis": [
      "qy437"
    ],
    "Medications": [
      "ibuprofen"
    ],
    "Tests": [
      "vitamin d level"
    ],
    "Visit Reason": [
      "allergy"
    ]
  },
  "Insurance Policy Impact": [
    {
      "Clinical Context Used": "allergy vitamin d level ibuprofen qy437",
      "Matched Specialty": "gastroenterology",
      "Policy Impact": {
        "max_claim_limit": "40,000",
        "exclusions": [
          "dietary supplements",
          "detox programs"
        ]
      },
      "Confidence": 0.199
    }
  ]
}