{
  "source_pdf": "Patient_2e5f13c0.pdf",
  "Extracted Prescription Data": {
    "Diagnosis": [
      "yh760"
    ],
    "Medications": [
      "furosemide"
    ],
    "Tests": [
      "holter monitor",
      "lipid panel"
    ],
    "Visit Reason": [
      "arrhythmia"
    ]
  },
  "Insurance Policy Impact": [
    {
      "Clinical Context Used": "arrhythmia holter monitor lipid panel furosemide yh760",
      "Matched Specialty": "cardiology",
      "Policy Impact": {
        "max_claim_limit": "50,000",
        "exclusions": [
          "cosmetic surgery",
          "experimental valve"
        ]
      },
      "Confidence": 0.243
    }
  ]
}