{
  "source_pdf": "Patient_daf8c7c3.pdf",
  "Extracted Prescription Data": {
    "Diagnosis": [
      "",
      "kw049"
    ],
    "Medications": [
      "amoxicillin",
      "lisinopril",
      "metformin",
      "omeprazole"
    ],
    "Tests": [
      "cmp",
      "hba1c",
      "lipid panel",
      "urinalysis",
      "vitamin d level"
    ],
    "Visit Reason": [
      "allergy",
      "back pain",
      "routine checkup"
    ]
  },
  "Insurance Policy Impact": [
    {
      "Clinical Context Used": "allergy back pain routine checkup cmp hba1c lipid panel urinalysis vitamin d level amoxicillin lisinopril metformin omeprazole kw049",
      "Matched Specialty": "gastroenterology",
      "Policy Impact": {
        "max_claim_limit": "40,000",
        "exclusions": [
          "dietary supplements",
          "detox programs"
        ]
      },
      "Confidence": 0.246
    }
  ]
}