{
  "source_pdf": "Patient_57ecbef8.pdf",
  "Extracted Prescription Data": {
    "Diagnosis": [
      "ts649"
    ],
    "Medications": [
      "ceftriaxone",
      "prednisolone"
    ],
    "Tests": [
      "hearing test",
      "rsv test"
    ],
    "Visit Reason": [
      "fever"
    ]
  },
  "Insurance Policy Impact": [
    {
      "Clinical Context Used": "fever hearing test rsv test ceftriaxone prednisolone ts649",
      "Matched Specialty": "neurology",
      "Policy Impact": {
        "max_claim_limit": "60,000",
        "exclusions": [
          "biofeedback",
          "experimental neurostim"
        ]
      },
      "Confidence": 0.125
    }
  ]
}