{
  "source_pdf": "Patient_1d5ca856.pdf",
  "Extracted Prescription Data": {
    "Diagnosis": [
      "ie060"
    ],
    "Medications": [
      "carbamazepine",
      "levetiracetam"
    ],
    "Tests": [
      "nerve conduction study"
    ],
    "Visit Reason": [
      "neuropathy"
    ]
  },
  "Insurance Policy Impact": [
    {
      "Clinical Context Used": "neuropathy nerve conduction study carbamazepine levetiracetam ie060",
      "Matched Specialty": "neurology",
      "Policy Impact": {
        "max_claim_limit": "60,000",
        "exclusions": [
          "biofeedback",
          "experimental neurostim"
        ]
      },
      "Confidence": 0.387
    }
  ]
}