{
  "source_pdf": "Patient_1cb89a0a.pdf",
  "Extracted Prescription Data": {
    "Diagnosis": [
      "yg387"
    ],
    "Medications": [
      "naproxen"
    ],
    "Tests": [
      "arthroscopy",
      "bone density scan"
    ],
    "Visit Reason": [
      "shoulder pain"
    ]
  },
  "Insurance Policy Impact": [
    {
      "Clinical Context Used": "shoulder pain arthroscopy bone density scan naproxen yg387",
      "Matched Specialty": "orthopedics",
      "Policy Impact": {
        "max_claim_limit": "35,000",
        "exclusions": [
          "sports injuries (pro)",
          "massage therapy"
        ]
      },
      "Confidence": 0.284
    }
  ]
}