{
  "source_pdf": "Patient_3cba92be.pdf",
  "Extracted Prescription Data": {
    "Diagnosis": [
      "eo150"
    ],
    "Medications": [
      "donepezil",
      "topiramate"
    ],
    "Tests": [
      "ct head"
    ],
    "Visit Reason": [
      "dizziness"
    ]
  },
  "Insurance Policy Impact": [
    {
      "Clinical Context Used": "dizziness ct head donepezil topiramate eo150",
      "Matched Specialty": "cardiology",
      "Policy Impact": {
        "max_claim_limit": "50,000",
        "exclusions": [
          "cosmetic surgery",
          "experimental valve"
        ]
      },
      "Confidence": 0.143
    }
  ]
}