{
  "source_pdf": "Patient_33136e76.pdf",
  "Extracted Prescription Data": {
    "Diagnosis": [
      "ue632"
    ],
    "Medications": [
      "nitroglycerin"
    ],
    "Tests": [
      "holter monitor"
    ],
    "Visit Reason": [
      "arrhythmia"
    ]
  },
  "Insurance Policy Impact": [
    {
      "Clinical Context Used": "arrhythmia holter monitor nitroglycerin ue632",
      "Matched Specialty": "neurology",
      "Policy Impact": {
        "max_claim_limit": "60,000",
        "exclusions": [
          "biofeedback",
          "experimental neurostim"
        ]
      },
      "Confidence": 0.253
    }
  ]
}