{
  "source_pdf": "Patient_6534fe9b.pdf",
  "Extracted Prescription Data": {
    "Diagnosis": [
      "fx767"
    ],
    "Medications": [
      "carbamazepine"
    ],
    "Tests": [
      "emg",
      "mri brain"
    ],
    "Visit Reason": [
      "dizziness"
    ]
  },
  "Insurance Policy Impact": [
    {
      "Clinical Context Used": "dizziness emg mri brain carbamazepine fx767",
      "Matched Specialty": "neurology",
      "Policy Impact": {
        "max_claim_limit": "60,000",
        "exclusions": [
          "biofeedback",
          "experimental neurostim"
        ]
      },
      "Confidence": 0.311
    }
  ]
}