{
  "source_pdf": "Patient_f9d47dd1.pdf",
  "Extracted Prescription Data": {
    "Diagnosis": [
      "zv681"
    ],
    "Medications": [
      "naproxen"
    ],
    "Tests": [
      "arthroscopy"
    ],
    "Visit Reason": [
      "hip pain"
    ]
  },
  "Insurance Policy Impact": [
    {
      "Clinical Context Used": "hip pain arthroscopy naproxen zv681",
      "Matched Specialty": "orthopedics",
      "Policy Impact": {
        "max_claim_limit": "35,000",
        "exclusions": [
          "sports injuries (pro)",
          "massage therapy"
        ]
      },
      "Confidence": 0.356
    }
  ]
}