{
  "source_pdf": "Patient_52e2de06.pdf",
  "Extracted Prescription Data": {
    "Diagnosis": [
      "bs492"
    ],
    "Medications": [
      "hydrocodone",
      "ibuprofen"
    ],
    "Tests": [
      "arthroscopy",
      "mri"
    ],
    "Visit Reason": [
      "fracture follow-up"
    ]
  },
  "Insurance Policy Impact": [
    {
      "Clinical Context Used": "fracture follow-up arthroscopy mri hydrocodone ibuprofen bs492",
      "Matched Specialty": "orthopedics",
      "Policy Impact": {
        "max_claim_limit": "35,000",
        "exclusions": [
          "sports injuries (pro)",
          "massage therapy"
        ]
      },
      "Confidence": 0.322
    }
  ]
}