{
  "source_pdf": "Patient_b35593db.pdf",
  "Extracted Prescription Data": {
    "Diagnosis": [
      "kv295"
    ],
    "Medications": [
      "meloxicam",
      "tramadol"
    ],
    "Tests": [
      "bone density scan",
      "ct scan"
    ],
    "Visit Reason": [
      "sports injury"
    ]
  },
  "Insurance Policy Impact": [
    {
      "Clinical Context Used": "sports injury bone density scan ct scan meloxicam tramadol kv295",
      "Matched Specialty": "orthopedics",
      "Policy Impact": {
        "max_claim_limit": "35,000",
        "exclusions": [
          "sports injuries (pro)",
          "massage therapy"
        ]
      },
      "Confidence": 0.38
    }
  ]
}