{
  "source_pdf": "Patient_ef772aa9.pdf",
  "Extracted Prescription Data": {
    "Diagnosis": [
      "dc125"
    ],
    "Medications": [
      "levothyroxine"
    ],
    "Tests": [
      "vitamin d level"
    ],
    "Visit Reason": [
      "flu symptoms"
    ]
  },
  "Insurance Policy Impact": [
    {
      "Clinical Context Used": "flu symptoms vitamin d level levothyroxine dc125",
      "Matched Specialty": "neurology",
      "Policy Impact": {
        "max_claim_limit": "60,000",
        "exclusions": [
          "biofeedback",
          "experimental neurostim"
        ]
      },
      "Confidence": 0.151
    }
  ]
}