{
  "source_pdf": "Patient_ad69e5da.pdf",
  "Extracted Prescription Data": {
    "Diagnosis": [
      "dh507"
    ],
    "Medications": [
      "simvastatin"
    ],
    "Tests": [
      "lipid panel",
      "vitamin d level"
    ],
    "Visit Reason": [
      "infection"
    ]
  },
  "Insurance Policy Impact": [
    {
      "Clinical Context Used": "infection lipid panel vitamin d level simvastatin dh507",
      "Matched Specialty": "pediatrics",
      "Policy Impact": {
        "max_claim_limit": "25,000",
        "exclusions": [
          "growth hormones (cosmetic)",
          "developmental therapy"
        ]
      },
      "Confidence": 0.182
    }
  ]
}