{
  "source_pdf": "Patient_79dc9aac.pdf",
  "Extracted Prescription Data": {
    "Diagnosis": [
      "qv412"
    ],
    "Medications": [
      "lamotrigine"
    ],
    "Tests": [
      "ct head"
    ],
    "Visit Reason": [
      "migraine"
    ]
  },
  "Insurance Policy Impact": [
    {
      "Clinical Context Used": "migraine ct head lamotrigine qv412",
      "Matched Specialty": "cardiology",
      "Policy Impact": {
        "max_claim_limit": "50,000",
        "exclusions": [
          "cosmetic surgery",
          "experimental valve"
        ]
      },
      "Confidence": 0.253
    }
  ]
}