{
  "source_pdf": "Patient_d0973032.pdf",
  "Extracted Prescription Data": {
    "Diagnosis": [
      "yb005"
    ],
    "Medications": [
      "hydrocodone",
      "naproxen"
    ],
    "Tests": [
      "ct scan"
    ],
    "Visit Reason": [
      "back pain"
    ]
  },
  "Insurance Policy Impact": [
    {
      "Clinical Context Used": "back pain ct scan hydrocodone naproxen yb005",
      "Matched Specialty": "orthopedics",
      "Policy Impact": {
        "max_claim_limit": "35,000",
        "exclusions": [
          "sports injuries (pro)",
          "massage therapy"
        ]
      },
      "Confidence": 0.227
    }
  ]
}