{
  "source_pdf": "Patient_fce15321.pdf",
  "Extracted Prescription Data": {
    "Diagnosis": [
      "lj880"
    ],
    "Medications": [
      "hydrocodone",
      "meloxicam"
    ],
    "Tests": [
      "bone density scan",
      "x-ray"
    ],
    "Visit Reason": [
      "fracture follow-up"
    ]
  },
  "Insurance Policy Impact": [
    {
      "Clinical Context Used": "fracture follow-up bone density scan x-ray hydrocodone meloxicam lj880",
      "Matched Specialty": "orthopedics",
      "Policy Impact": {
        "max_claim_limit": "35,000",
        "exclusions": [
          "sports injuries (pro)",
          "massage therapy"
        ]
      },
      "Confidence": 0.225
    }
  ]
}