{
  "source_pdf": "Patient_f9a2a52f.pdf",
  "Extracted Prescription Data": {
    "Diagnosis": [
      "",
      "mx406"
    ],
    "Medications": [
      "celecoxib",
      "cyclobenzaprine",
      "hydrocodone",
      "naproxen"
    ],
    "Tests": [
      "arthroscopy",
      "ct scan",
      "mri",
      "x-ray"
    ],
    "Visit Reason": [
      "hip pain",
      "sports injury"
    ]
  },
  "Insurance Policy Impact": [
    {
      "Clinical Context Used": "hip pain sports injury arthroscopy ct scan mri x-ray celecoxib cyclobenzaprine hydrocodone naproxen mx406",
      "Matched Specialty": "orthopedics",
      "Policy Impact": {
        "max_claim_limit": "35,000",
        "exclusions": [
          "sports injuries (pro)",
          "massage therapy"
        ]
      },
      "Confidence": 0.48
    }
  ]
}