{
  "source_pdf": "Patient_986186b3.pdf",
  "Extracted Prescription Data": {
    "Diagnosis": [
      "",
      "ss333"
    ],
    "Medications": [
      "amlodipine",
      "clopidogrel",
      "furosemide",
      "metoprolol"
    ],
    "Tests": [
      "cardiac ct",
      "holter monitor",
      "lipid panel",
      "stress test",
      "troponin test"
    ],
    "Visit Reason": [
      "arrhythmia",
      "chest pain",
      "heart failure\ncheckup",
      "hypertension",
      "shortness of breath"
    ]
  },
  "Insurance Policy Impact": [
    {
      "Clinical Context Used": "arrhythmia chest pain heart failure\ncheckup hypertension shortness of breath cardiac ct holter monitor lipid panel stress test troponin test amlodipine clopidogrel furosemide metoprolol ss333",
      "Matched Specialty": "cardiology",
      "Policy Impact": {
        "max_claim_limit": "50,000",
        "exclusions": [
          "cosmetic surgery",
          "experimental valve"
        ]
      },
      "Confidence": 0.26
    }
  ]
}