{
  "source_pdf": "Patient_4e80b577.pdf",
  "Extracted Prescription Data": {
    "Diagnosis": [
      "ga728"
    ],
    "Medications": [
      "simvastatin"
    ],
    "Tests": [
      "lipid panel",
      "tsh"
    ],
    "Visit Reason": [
      "flu symptoms"
    ]
  },
  "Insurance Policy Impact": [
    {
      "Clinical Context Used": "flu symptoms lipid panel tsh simvastatin ga728",
      "Matched Specialty": "pediatrics",
      "Policy Impact": {
        "max_claim_limit": "25,000",
        "exclusions": [
          "growth hormones (cosmetic)",
          "developmental therapy"
        ]
      },
      "Confidence": 0.121
    }
  ]
}