{
  "source_pdf": "Patient_bc954b8f.pdf",
  "Extracted Prescription Data": {
    "Diagnosis": [
      "zp421"
    ],
    "Medications": [
      "cyclobenzaprine",
      "meloxicam"
    ],
    "Tests": [
      "ct scan"
    ],
    "Visit Reason": [
      "fracture follow-up"
    ]
  },
  "Insurance Policy Impact": [
    {
      "Clinical Context Used": "fracture follow-up ct scan cyclobenzaprine meloxicam zp421",
      "Matched Specialty": "orthopedics",
      "Policy Impact": {
        "max_claim_limit": "35,000",
        "exclusions": [
          "sports injuries (pro)",
          "massage therapy"
        ]
      },
      "Confidence": 0.285
    }
  ]
}