{
  "source_pdf": "Patient_8e2061d7.pdf",
  "Extracted Prescription Data": {
    "Diagnosis": [
      "xa407"
    ],
    "Medications": [
      "metformin",
      "simvastatin"
    ],
    "Tests": [
      "cbc"
    ],
    "Visit Reason": [
      "abdominal pain"
    ]
  },
  "Insurance Policy Impact": [
    {
      "Clinical Context Used": "abdominal pain cbc metformin simvastatin xa407",
      "Matched Specialty": "gastroenterology",
      "Policy Impact": {
        "max_claim_limit": "40,000",
        "exclusions": [
          "dietary supplements",
          "detox programs"
        ]
      },
      "Confidence": 0.186
    }
  ]
}