{
  "source_pdf": "Patient_d1ed7771.pdf",
  "Extracted Prescription Data": {
    "Diagnosis": [
      "mt860"
    ],
    "Medications": [
      "tramadol"
    ],
    "Tests": [
      "arthroscopy"
    ],
    "Visit Reason": [
      "sports injury"
    ]
  },
  "Insurance Policy Impact": [
    {
      "Clinical Context Used": "sports injury arthroscopy tramadol mt860",
      "Matched Specialty": "orthopedics",
      "Policy Impact": {
        "max_claim_limit": "35,000",
        "exclusions": [
          "sports injuries (pro)",
          "massage therapy"
        ]
      },
      "Confidence": 0.517
    }
  ]
}