{
  "source_pdf": "Patient_36d31ade.pdf",
  "Extracted Prescription Data": {
    "Diagnosis": [
      "sy301"
    ],
    "Medications": [
      "azithromycin"
    ],
    "Tests": [
      "lead screening"
    ],
    "Visit Reason": [
      "stomach pain"
    ]
  },
  "Insurance Policy Impact": [
    {
      "Clinical Context Used": "stomach pain lead screening azithromycin sy301",
      "Matched Specialty": "gastroenterology",
      "Policy Impact": {
        "max_claim_limit": "40,000",
        "exclusions": [
          "dietary supplements",
          "detox programs"
        ]
      },
      "Confidence": 0.275
    }
  ]
}