{
  "source_pdf": "Patient_bc008fa3.pdf",
  "Extracted Prescription Data": {
    "Diagnosis": [
      "ad251"
    ],
    "Medications": [
      "furosemide"
    ],
    "Tests": [
      "lipid panel"
    ],
    "Visit Reason": [
      "heart failure\ncheckup"
    ]
  },
  "Insurance Policy Impact": [
    {
      "Clinical Context Used": "heart failure\ncheckup lipid panel furosemide ad251",
      "Matched Specialty": "cardiology",
      "Policy Impact": {
        "max_claim_limit": "50,000",
        "exclusions": [
          "cosmetic surgery",
          "experimental valve"
        ]
      },
      "Confidence": 0.233
    }
  ]
}