{
  "source_pdf": "Patient_40f37449.pdf",
  "Extracted Prescription Data": {
    "Diagnosis": [
      "xd107"
    ],
    "Medications": [
      "topiramate"
    ],
    "Tests": [
      "emg",
      "lumbar puncture"
    ],
    "Visit Reason": [
      "dizziness"
    ]
  },
  "Insurance Policy Impact": [
    {
      "Clinical Context Used": "dizziness emg lumbar puncture topiramate xd107",
      "Matched Specialty": "neurology",
      "Policy Impact": {
        "max_claim_limit": "60,000",
        "exclusions": [
          "biofeedback",
          "experimental neurostim"
        ]
      },
      "Confidence": 0.206
    }
  ]
}