{
  "source_pdf": "Patient_d4b99ed5.pdf",
  "Extracted Prescription Data": {
    "Diagnosis": [
      "aq033"
    ],
    "Medications": [
      "amoxicillin",
      "lisinopril"
    ],
    "Tests": [
      "cmp"
    ],
    "Visit Reason": [
      "routine checkup"
    ]
  },
  "Insurance Policy Impact": [
    {
      "Clinical Context Used": "routine checkup cmp amoxicillin lisinopril aq033",
      "Matched Specialty": "gastroenterology",
      "Policy Impact": {
        "max_claim_limit": "40,000",
        "exclusions": [
          "dietary supplements",
          "detox programs"
        ]
      },
      "Confidence": 0.261
    }
  ]
}