{
  "source_pdf": "Patient_ade826a8.pdf",
  "Extracted Prescription Data": {
    "Diagnosis": [
      "bv492"
    ],
    "Medications": [
      "cyclobenzaprine"
    ],
    "Tests": [
      "arthroscopy"
    ],
    "Visit Reason": [
      "sports injury"
    ]
  },
  "Insurance Policy Impact": [
    {
      "Clinical Context Used": "sports injury arthroscopy cyclobenzaprine bv492",
      "Matched Specialty": "orthopedics",
      "Policy Impact": {
        "max_claim_limit": "35,000",
        "exclusions": [
          "sports injuries (pro)",
          "massage therapy"
        ]
      },
      "Confidence": 0.56
    }
  ]
}