{
  "source_pdf": "Patient_6106f671.pdf",
  "Extracted Prescription Data": {
    "Diagnosis": [
      "wu168"
    ],
    "Medications": [
      "meloxicam"
    ],
    "Tests": [
      "mri"
    ],
    "Visit Reason": [
      "arthritis"
    ]
  },
  "Insurance Policy Impact": [
    {
      "Clinical Context Used": "arthritis mri meloxicam wu168",
      "Matched Specialty": "orthopedics",
      "Policy Impact": {
        "max_claim_limit": "35,000",
        "exclusions": [
          "sports injuries (pro)",
          "massage therapy"
        ]
      },
      "Confidence": 0.251
    }
  ]
}