{
  "source_pdf": "Patient_07644c42.pdf",
  "Extracted Prescription Data": {
    "Diagnosis": [
      "xv332"
    ],
    "Medications": [
      "simvastatin"
    ],
    "Tests": [
      "vitamin d level"
    ],
    "Visit Reason": [
      "hypertension\nfollow-up"
    ]
  },
  "Insurance Policy Impact": [
    {
      "Clinical Context Used": "hypertension\nfollow-up vitamin d level simvastatin xv332",
      "Matched Specialty": "gastroenterology",
      "Policy Impact": {
        "max_claim_limit": "40,000",
        "exclusions": [
          "dietary supplements",
          "detox programs"
        ]
      },
      "Confidence": 0.15
    }
  ]
}