{
  "source_pdf": "Patient_f4d210b4.pdf",
  "Extracted Prescription Data": {
    "Diagnosis": [
      "gc892"
    ],
    "Medications": [
      "cyclobenzaprine"
    ],
    "Tests": [
      "ct scan"
    ],
    "Visit Reason": [
      "back pain"
    ]
  },
  "Insurance Policy Impact": [
    {
      "Clinical Context Used": "back pain ct scan cyclobenzaprine gc892",
      "Matched Specialty": "orthopedics",
      "Policy Impact": {
        "max_claim_limit": "35,000",
        "exclusions": [
          "sports injuries (pro)",
          "massage therapy"
        ]
      },
      "Confidence": 0.3
    }
  ]
}