{
  "source_pdf": "Patient_1c6e60b9.pdf",
  "Extracted Prescription Data": {
    "Diagnosis": [
      "dp854"
    ],
    "Medications": [
      "ibuprofen"
    ],
    "Tests": [
      "cbc"
    ],
    "Visit Reason": [
      "fever"
    ]
  },
  "Insurance Policy Impact": [
    {
      "Clinical Context Used": "fever cbc ibuprofen dp854",
      "Matched Specialty": "orthopedics",
      "Policy Impact": {
        "max_claim_limit": "35,000",
        "exclusions": [
          "sports injuries (pro)",
          "massage therapy"
        ]
      },
      "Confidence": 0.181
    }
  ]
}