{
  "source_pdf": "Patient_ba1bf40d.pdf",
  "Extracted Prescription Data": {
    "Diagnosis": [
      "dq362"
    ],
    "Medications": [
      "levetiracetam"
    ],
    "Tests": [
      "ct head"
    ],
    "Visit Reason": [
      "neuropathy"
    ]
  },
  "Insurance Policy Impact": [
    {
      "Clinical Context Used": "neuropathy ct head levetiracetam dq362",
      "Matched Specialty": "neurology",
      "Policy Impact": {
        "max_claim_limit": "60,000",
        "exclusions": [
          "biofeedback",
          "experimental neurostim"
        ]
      },
      "Confidence": 0.314
    }
  ]
}