{
  "source_pdf": "Patient_c4b8d167.pdf",
  "Extracted Prescription Data": {
    "Diagnosis": [
      "hk629"
    ],
    "Medications": [
      "donepezil"
    ],
    "Tests": [
      "emg"
    ],
    "Visit Reason": [
      "memory loss"
    ]
  },
  "Insurance Policy Impact": [
    {
      "Clinical Context Used": "memory loss emg donepezil hk629",
      "Matched Specialty": "neurology",
      "Policy Impact": {
        "max_claim_limit": "60,000",
        "exclusions": [
          "biofeedback",
          "experimental neurostim"
        ]
      },
      "Confidence": 0.19
    }
  ]
}