{
  "source_pdf": "Patient_bd0f0161.pdf",
  "Extracted Prescription Data": {
    "Diagnosis": [
      "sy114"
    ],
    "Medications": [
      "tramadol"
    ],
    "Tests": [
      "x-ray"
    ],
    "Visit Reason": [
      "shoulder pain"
    ]
  },
  "Insurance Policy Impact": [
    {
      "Clinical Context Used": "shoulder pain x-ray tramadol sy114",
      "Matched Specialty": "orthopedics",
      "Policy Impact": {
        "max_claim_limit": "35,000",
        "exclusions": [
          "sports injuries (pro)",
          "massage therapy"
        ]
      },
      "Confidence": 0.305
    }
  ]
}