{
  "source_pdf": "Patient_dd5f8d9e.pdf",
  "Extracted Prescription Data": {
    "Diagnosis": [
      "wz004"
    ],
    "Medications": [
      "amlodipine",
      "warfarin"
    ],
    "Tests": [
      "cardiac ct",
      "echocardiogram"
    ],
    "Visit Reason": [
      "palpitations"
    ]
  },
  "Insurance Policy Impact": [
    {
      "Clinical Context Used": "palpitations cardiac ct echocardiogram amlodipine warfarin wz004",
      "Matched Specialty": "cardiology",
      "Policy Impact": {
        "max_claim_limit": "50,000",
        "exclusions": [
          "cosmetic surgery",
          "experimental valve"
        ]
      },
      "Confidence": 0.209
    }
  ]
}