{
  "source_pdf": "Patient_b10caf18.pdf",
  "Extracted Prescription Data": {
    "Diagnosis": [
      "ya149"
    ],
    "Medications": [
      "cyclobenzaprine",
      "ibuprofen"
    ],
    "Tests": [
      "arthroscopy"
    ],
    "Visit Reason": [
      "fracture follow-up"
    ]
  },
  "Insurance Policy Impact": [
    {
      "Clinical Context Used": "fracture follow-up arthroscopy cyclobenzaprine ibuprofen ya149",
      "Matched Specialty": "orthopedics",
      "Policy Impact": {
        "max_claim_limit": "35,000",
        "exclusions": [
          "sports injuries (pro)",
          "massage therapy"
        ]
      },
      "Confidence": 0.403
    }
  ]
}