{
  "source_pdf": "Patient_283363df.pdf",
  "Extracted Prescription Data": {
    "Diagnosis": [
      "kj191"
    ],
    "Medications": [
      "ibuprofen"
    ],
    "Tests": [
      "lead screening"
    ],
    "Visit Reason": [
      "ear infection"
    ]
  },
  "Insurance Policy Impact": [
    {
      "Clinical Context Used": "ear infection lead screening ibuprofen kj191",
      "Matched Specialty": "cardiology",
      "Policy Impact": {
        "max_claim_limit": "50,000",
        "exclusions": [
          "cosmetic surgery",
          "experimental valve"
        ]
      },
      "Confidence": 0.157
    }
  ]
}