{
  "source_pdf": "Patient_0e6cd90c.pdf",
  "Extracted Prescription Data": {
    "Diagnosis": [
      "qb548"
    ],
    "Medications": [
      "lisinopril"
    ],
    "Tests": [
      "tsh"
    ],
    "Visit Reason": [
      "infection"
    ]
  },
  "Insurance Policy Impact": [
    {
      "Clinical Context Used": "infection tsh lisinopril qb548",
      "Matched Specialty": "general practice",
      "Policy Impact": {
        "max_claim_limit": null,
        "exclusions": [
          "not available"
        ]
      },
      "Confidence": 0.122
    }
  ]
}