{
  "source_pdf": "Patient_5f512137.pdf",
  "Extracted Prescription Data": {
    "Diagnosis": [
      "gj468"
    ],
    "Medications": [
      "ceftriaxone"
    ],
    "Tests": [
      "hearing test",
      "strep test"
    ],
    "Visit Reason": [
      "cough"
    ]
  },
  "Insurance Policy Impact": [
    {
      "Clinical Context Used": "cough hearing test strep test ceftriaxone gj468",
      "Matched Specialty": "general practice",
      "Policy Impact": {
        "max_claim_limit": null,
        "exclusions": [
          "not available"
        ]
      },
      "Confidence": 0.207
    }
  ]
}