{
  "source_pdf": "Patient_ea2a0584.pdf",
  "Extracted Prescription Data": {
    "Diagnosis": [
      "sg674"
    ],
    "Medications": [
      "omeprazole",
      "simvastatin"
    ],
    "Tests": [
      "cbc"
    ],
    "Visit Reason": [
      "flu symptoms"
    ]
  },
  "Insurance Policy Impact": [
    {
      "Clinical Context Used": "flu symptoms cbc omeprazole simvastatin sg674",
      "Matched Specialty": "gastroenterology",
      "Policy Impact": {
        "max_claim_limit": "40,000",
        "exclusions": [
          "dietary supplements",
          "detox programs"
        ]
      },
      "Confidence": 0.128
    }
  ]
}