{
  "source_pdf": "Patient_e32f761d.pdf",
  "Extracted Prescription Data": {
    "Diagnosis": [
      "uz683"
    ],
    "Medications": [
      "levetiracetam"
    ],
    "Tests": [
      "emg"
    ],
    "Visit Reason": [
      "numbness"
    ]
  },
  "Insurance Policy Impact": [
    {
      "Clinical Context Used": "numbness emg levetiracetam uz683",
      "Matched Specialty": "neurology",
      "Policy Impact": {
        "max_claim_limit": "60,000",
        "exclusions": [
          "biofeedback",
          "experimental neurostim"
        ]
      },
      "Confidence": 0.294
    }
  ]
}