{
  "source_pdf": "Patient_d3c700f8.pdf",
  "Extracted Prescription Data": {
    "Diagnosis": [
      "hs236"
    ],
    "Medications": [
      "lamotrigine",
      "levetiracetam"
    ],
    "Tests": [
      "lumbar puncture"
    ],
    "Visit Reason": [
      "neuropathy"
    ]
  },
  "Insurance Policy Impact": [
    {
      "Clinical Context Used": "neuropathy lumbar puncture lamotrigine levetiracetam hs236",
      "Matched Specialty": "neurology",
      "Policy Impact": {
        "max_claim_limit": "60,000",
        "exclusions": [
          "biofeedback",
          "experimental neurostim"
        ]
      },
      "Confidence": 0.284
    }
  ]
}