{
  "source_pdf": "Patient_aaa5f10c.pdf",
  "Extracted Prescription Data": {
    "Diagnosis": [
      "",
      "er376"
    ],
    "Medications": [
      "cyclobenzaprine",
      "ibuprofen",
      "naproxen"
    ],
    "Tests": [
      "arthroscopy",
      "mri",
      "x-ray"
    ],
    "Visit Reason": [
      "back pain",
      "joint stiffness",
      "shoulder pain",
      "sports injury"
    ]
  },
  "Insurance Policy Impact": [
    {
      "Clinical Context Used": "back pain joint stiffness shoulder pain sports injury arthroscopy mri x-ray cyclobenzaprine ibuprofen naproxen er376",
      "Matched Specialty": "orthopedics",
      "Policy Impact": {
        "max_claim_limit": "35,000",
        "exclusions": [
          "sports injuries (pro)",
          "massage therapy"
        ]
      },
      "Confidence": 0.507
    }
  ]
}