{
  "source_pdf": "Patient_ef901be2.pdf",
  "Extracted Prescription Data": {
    "Diagnosis": [
      "iq737"
    ],
    "Medications": [
      "albuterol inhaler",
      "prednisolone"
    ],
    "Tests": [
      "hearing test"
    ],
    "Visit Reason": [
      "growth check"
    ]
  },
  "Insurance Policy Impact": [
    {
      "Clinical Context Used": "growth check hearing test albuterol inhaler prednisolone iq737",
      "Matched Specialty": "pediatrics",
      "Policy Impact": {
        "max_claim_limit": "25,000",
        "exclusions": [
          "growth hormones (cosmetic)",
          "developmental therapy"
        ]
      },
      "Confidence": 0.244
    }
  ]
}