{
  "source_pdf": "Patient_a5807ef1.pdf",
  "Extracted Prescription Data": {
    "Diagnosis": [
      "rr238"
    ],
    "Medications": [
      "atorvastatin"
    ],
    "Tests": [
      "cardiac ct",
      "lipid panel"
    ],
    "Visit Reason": [
      "shortness of breath"
    ]
  },
  "Insurance Policy Impact": [
    {
      "Clinical Context Used": "shortness of breath cardiac ct lipid panel atorvastatin rr238",
      "Matched Specialty": "cardiology",
      "Policy Impact": {
        "max_claim_limit": "50,000",
        "exclusions": [
          "cosmetic surgery",
          "experimental valve"
        ]
      },
      "Confidence": 0.26
    }
  ]
}