{
  "source_pdf": "Patient_4dbf6d10.pdf",
  "Extracted Prescription Data": {
    "Diagnosis": [
      "cn280"
    ],
    "Medications": [
      "sumatriptan"
    ],
    "Tests": [
      "lumbar puncture",
      "mri brain"
    ],
    "Visit Reason": [
      "memory loss"
    ]
  },
  "Insurance Policy Impact": [
    {
      "Clinical Context Used": "memory loss lumbar puncture mri brain sumatriptan cn280",
      "Matched Specialty": "neurology",
      "Policy Impact": {
        "max_claim_limit": "60,000",
        "exclusions": [
          "biofeedback",
          "experimental neurostim"
        ]
      },
      "Confidence": 0.398
    }
  ]
}