{
  "source_pdf": "Patient_c4a5d11b.pdf",
  "Extracted Prescription Data": {
    "Diagnosis": [
      "da344"
    ],
    "Medications": [
      "lisinopril",
      "warfarin"
    ],
    "Tests": [
      "troponin test"
    ],
    "Visit Reason": [
      "arrhythmia"
    ]
  },
  "Insurance Policy Impact": [
    {
      "Clinical Context Used": "arrhythmia troponin test lisinopril warfarin da344",
      "Matched Specialty": "cardiology",
      "Policy Impact": {
        "max_claim_limit": "50,000",
        "exclusions": [
          "cosmetic surgery",
          "experimental valve"
        ]
      },
      "Confidence": 0.132
    }
  ]
}