{
  "source_pdf": "Patient_be2de5fc.pdf",
  "Extracted Prescription Data": {
    "Diagnosis": [
      "re425"
    ],
    "Medications": [
      "ibuprofen"
    ],
    "Tests": [
      "ct scan"
    ],
    "Visit Reason": [
      "shoulder pain"
    ]
  },
  "Insurance Policy Impact": [
    {
      "Clinical Context Used": "shoulder pain ct scan ibuprofen re425",
      "Matched Specialty": "orthopedics",
      "Policy Impact": {
        "max_claim_limit": "35,000",
        "exclusions": [
          "sports injuries (pro)",
          "massage therapy"
        ]
      },
      "Confidence": 0.277
    }
  ]
}