{
  "source_pdf": "Patient_0dcf4e85.pdf",
  "Extracted Prescription Data": {
    "Diagnosis": [
      "fe957"
    ],
    "Medications": [
      "azithromycin"
    ],
    "Tests": [
      "hearing test"
    ],
    "Visit Reason": [
      "sore throat"
    ]
  },
  "Insurance Policy Impact": [
    {
      "Clinical Context Used": "sore throat hearing test azithromycin fe957",
      "Matched Specialty": "cardiology",
      "Policy Impact": {
        "max_claim_limit": "50,000",
        "exclusions": [
          "cosmetic surgery",
          "experimental valve"
        ]
      },
      "Confidence": 0.133
    }
  ]
}