{
  "source_pdf": "Patient_cd3f793e.pdf",
  "Extracted Prescription Data": {
    "Diagnosis": [
      "",
      "ir363"
    ],
    "Medications": [
      "hydrocodone",
      "ibuprofen",
      "naproxen"
    ],
    "Tests": [
      "arthroscopy",
      "bone density scan"
    ],
    "Visit Reason": [
      "back pain",
      "joint stiffness",
      "sports injury"
    ]
  },
  "Insurance Policy Impact": [
    {
      "Clinical Context Used": "back pain joint stiffness sports injury arthroscopy bone density scan hydrocodone ibuprofen naproxen ir363",
      "Matched Specialty": "orthopedics",
      "Policy Impact": {
        "max_claim_limit": "35,000",
        "exclusions": [
          "sports injuries (pro)",
          "massage therapy"
        ]
      },
      "Confidence": 0.544
    }
  ]
}