{
  "source_pdf": "Patient_e803f3db.pdf",
  "Extracted Prescription Data": {
    "Diagnosis": [
      "zv486"
    ],
    "Medications": [
      "carbamazepine",
      "gabapentin"
    ],
    "Tests": [
      "cognitive assessment",
      "eeg"
    ],
    "Visit Reason": [
      "tingling"
    ]
  },
  "Insurance Policy Impact": [
    {
      "Clinical Context Used": "tingling cognitive assessment eeg carbamazepine gabapentin zv486",
      "Matched Specialty": "neurology",
      "Policy Impact": {
        "max_claim_limit": "60,000",
        "exclusions": [
          "biofeedback",
          "experimental neurostim"
        ]
      },
      "Confidence": 0.333
    }
  ]
}