{
  "source_pdf": "Patient_026ffcf6.pdf",
  "Extracted Prescription Data": {
    "Diagnosis": [
      "ps867"
    ],
    "Medications": [
      "donepezil",
      "gabapentin"
    ],
    "Tests": [
      "mri brain"
    ],
    "Visit Reason": [
      "tingling"
    ]
  },
  "Insurance Policy Impact": [
    {
      "Clinical Context Used": "tingling mri brain donepezil gabapentin ps867",
      "Matched Specialty": "neurology",
      "Policy Impact": {
        "max_claim_limit": "60,000",
        "exclusions": [
          "biofeedback",
          "experimental neurostim"
        ]
      },
      "Confidence": 0.414
    }
  ]
}