{
  "source_pdf": "Patient_25504849.pdf",
  "Extracted Prescription Data": {
    "Diagnosis": [
      "ei225"
    ],
    "Medications": [
      "levetiracetam",
      "topiramate"
    ],
    "Tests": [
      "eeg"
    ],
    "Visit Reason": [
      "numbness"
    ]
  },
  "Insurance Policy Impact": [
    {
      "Clinical Context Used": "numbness eeg levetiracetam topiramate ei225",
      "Matched Specialty": "neurology",
      "Policy Impact": {
        "max_claim_limit": "60,000",
        "exclusions": [
          "biofeedback",
          "experimental neurostim"
        ]
      },
      "Confidence": 0.355
    }
  ]
}