{
  "source_pdf": "Patient_edac6c08.pdf",
  "Extracted Prescription Data": {
    "Diagnosis": [
      "pz298"
    ],
    "Medications": [
      "metoprolol"
    ],
    "Tests": [
      "cardiac ct",
      "holter monitor"
    ],
    "Visit Reason": [
      "palpitations"
    ]
  },
  "Insurance Policy Impact": [
    {
      "Clinical Context Used": "palpitations cardiac ct holter monitor metoprolol pz298",
      "Matched Specialty": "cardiology",
      "Policy Impact": {
        "max_claim_limit": "50,000",
        "exclusions": [
          "cosmetic surgery",
          "experimental valve"
        ]
      },
      "Confidence": 0.252
    }
  ]
}