{
  "source_pdf": "Patient_b1bc684b.pdf",
  "Extracted Prescription Data": {
    "Diagnosis": [
      "ev384"
    ],
    "Medications": [
      "ibuprofen"
    ],
    "Tests": [
      "cbc"
    ],
    "Visit Reason": [
      "fatigue"
    ]
  },
  "Insurance Policy Impact": [
    {
      "Clinical Context Used": "fatigue cbc ibuprofen ev384",
      "Matched Specialty": "orthopedics",
      "Policy Impact": {
        "max_claim_limit": "35,000",
        "exclusions": [
          "sports injuries (pro)",
          "massage therapy"
        ]
      },
      "Confidence": 0.288
    }
  ]
}