{
  "source_pdf": "Patient_48ebe5de.pdf",
  "Extracted Prescription Data": {
    "Diagnosis": [
      "rw201"
    ],
    "Medications": [
      "clopidogrel"
    ],
    "Tests": [
      "ecg",
      "echocardiogram"
    ],
    "Visit Reason": [
      "heart failure\ncheckup"
    ]
  },
  "Insurance Policy Impact": [
    {
      "Clinical Context Used": "heart failure\ncheckup ecg echocardiogram clopidogrel rw201",
      "Matched Specialty": "cardiology",
      "Policy Impact": {
        "max_claim_limit": "50,000",
        "exclusions": [
          "cosmetic surgery",
          "experimental valve"
        ]
      },
      "Confidence": 0.254
    }
  ]
}