{
  "source_pdf": "Patient_7e644dc4.pdf",
  "Extracted Prescription Data": {
    "Diagnosis": [
      "km594"
    ],
    "Medications": [
      "hydrocodone"
    ],
    "Tests": [
      "arthroscopy"
    ],
    "Visit Reason": [
      "back pain"
    ]
  },
  "Insurance Policy Impact": [
    {
      "Clinical Context Used": "back pain arthroscopy hydrocodone km594",
      "Matched Specialty": "orthopedics",
      "Policy Impact": {
        "max_claim_limit": "35,000",
        "exclusions": [
          "sports injuries (pro)",
          "massage therapy"
        ]
      },
      "Confidence": 0.318
    }
  ]
}