{
  "source_pdf": "Patient_bb060198.pdf",
  "Extracted Prescription Data": {
    "Diagnosis": [
      "or772"
    ],
    "Medications": [
      "albuterol inhaler"
    ],
    "Tests": [
      "hearing test",
      "influenza test"
    ],
    "Visit Reason": [
      "vaccination"
    ]
  },
  "Insurance Policy Impact": [
    {
      "Clinical Context Used": "vaccination hearing test influenza test albuterol inhaler or772",
      "Matched Specialty": "cardiology",
      "Policy Impact": {
        "max_claim_limit": "50,000",
        "exclusions": [
          "cosmetic surgery",
          "experimental valve"
        ]
      },
      "Confidence": 0.129
    }
  ]
}