{
  "source_pdf": "Patient_3a212310.pdf",
  "Extracted Prescription Data": {
    "Diagnosis": [
      "vr282"
    ],
    "Medications": [
      "levothyroxine"
    ],
    "Tests": [
      "vitamin d level"
    ],
    "Visit Reason": [
      "infection"
    ]
  },
  "Insurance Policy Impact": [
    {
      "Clinical Context Used": "infection vitamin d level levothyroxine vr282",
      "Matched Specialty": "pediatrics",
      "Policy Impact": {
        "max_claim_limit": "25,000",
        "exclusions": [
          "growth hormones (cosmetic)",
          "developmental therapy"
        ]
      },
      "Confidence": 0.171
    }
  ]
}