{
  "source_pdf": "Patient_811196c2.pdf",
  "Extracted Prescription Data": {
    "Diagnosis": [
      "ro757"
    ],
    "Medications": [
      "albuterol inhaler"
    ],
    "Tests": [
      "influenza test"
    ],
    "Visit Reason": [
      "ear infection"
    ]
  },
  "Insurance Policy Impact": [
    {
      "Clinical Context Used": "ear infection influenza test albuterol inhaler ro757",
      "Matched Specialty": "cardiology",
      "Policy Impact": {
        "max_claim_limit": "50,000",
        "exclusions": [
          "cosmetic surgery",
          "experimental valve"
        ]
      },
      "Confidence": 0.175
    }
  ]
}