{
  "source_pdf": "Patient_1dd13f01.pdf",
  "Extracted Prescription Data": {
    "Diagnosis": [
      "pz264"
    ],
    "Medications": [
      "azithromycin"
    ],
    "Tests": [
      "influenza test"
    ],
    "Visit Reason": [
      "fever"
    ]
  },
  "Insurance Policy Impact": [
    {
      "Clinical Context Used": "fever influenza test azithromycin pz264",
      "Matched Specialty": "general practice",
      "Policy Impact": {
        "max_claim_limit": null,
        "exclusions": [
          "not available"
        ]
      },
      "Confidence": 0.103
    }
  ]
}