{
  "source_pdf": "Patient_42475700.pdf",
  "Extracted Prescription Data": {
    "Diagnosis": [
      "nx068"
    ],
    "Medications": [
      "lamotrigine",
      "levetiracetam"
    ],
    "Tests": [
      "ct head",
      "eeg"
    ],
    "Visit Reason": [
      "neuropathy"
    ]
  },
  "Insurance Policy Impact": [
    {
      "Clinical Context Used": "neuropathy ct head eeg lamotrigine levetiracetam nx068",
      "Matched Specialty": "neurology",
      "Policy Impact": {
        "max_claim_limit": "60,000",
        "exclusions": [
          "biofeedback",
          "experimental neurostim"
        ]
      },
      "Confidence": 0.384
    }
  ]
}