{
  "source_pdf": "Patient_3175bc09.pdf",
  "Extracted Prescription Data": {
    "Diagnosis": [
      "",
      "kj224"
    ],
    "Medications": [
      "celecoxib",
      "cyclobenzaprine",
      "hydrocodone",
      "ibuprofen",
      "meloxicam",
      "tramadol"
    ],
    "Tests": [
      "arthroscopy",
      "bone density scan",
      "ct scan",
      "x-ray"
    ],
    "Visit Reason": [
      "back pain",
      "fracture follow-up",
      "hip pain",
      "joint stiffness",
      "knee pain"
    ]
  },
  "Insurance Policy Impact": [
    {
      "Clinical Context Used": "back pain fracture follow-up hip pain joint stiffness knee pain arthroscopy bone density scan ct scan x-ray celecoxib cyclobenzaprine hydrocodone ibuprofen meloxicam tramadol kj224",
      "Matched Specialty": "orthopedics",
      "Policy Impact": {
        "max_claim_limit": "35,000",
        "exclusions": [
          "sports injuries (pro)",
          "massage therapy"
        ]
      },
      "Confidence": 0.431
    }
  ]
}