{
  "source_pdf": "Patient_d538408a.pdf",
  "Extracted Prescription Data": {
    "Diagnosis": [
      "jh101"
    ],
    "Medications": [
      "metoprolol"
    ],
    "Tests": [
      "lipid panel"
    ],
    "Visit Reason": [
      "hypertension"
    ]
  },
  "Insurance Policy Impact": [
    {
      "Clinical Context Used": "hypertension lipid panel metoprolol jh101",
      "Matched Specialty": "cardiology",
      "Policy Impact": {
        "max_claim_limit": "50,000",
        "exclusions": [
          "cosmetic surgery",
          "experimental valve"
        ]
      },
      "Confidence": 0.195
    }
  ]
}