{
  "source_pdf": "Patient_9a4c2a11.pdf",
  "Extracted Prescription Data": {
    "Diagnosis": [
      "nk787"
    ],
    "Medications": [
      "lisinopril"
    ],
    "Tests": [
      "tsh"
    ],
    "Visit Reason": [
      "hypertension\nfollow-up"
    ]
  },
  "Insurance Policy Impact": [
    {
      "Clinical Context Used": "hypertension\nfollow-up tsh lisinopril nk787",
      "Matched Specialty": "gastroenterology",
      "Policy Impact": {
        "max_claim_limit": "40,000",
        "exclusions": [
          "dietary supplements",
          "detox programs"
        ]
      },
      "Confidence": 0.138
    }
  ]
}