{
  "source_pdf": "Patient_fe116a26.pdf",
  "Extracted Prescription Data": {
    "Diagnosis": [
      "wo325"
    ],
    "Medications": [
      "clopidogrel",
      "metoprolol"
    ],
    "Tests": [
      "holter monitor",
      "lipid panel"
    ],
    "Visit Reason": [
      "shortness of breath"
    ]
  },
  "Insurance Policy Impact": [
    {
      "Clinical Context Used": "shortness of breath holter monitor lipid panel clopidogrel metoprolol wo325",
      "Matched Specialty": "cardiology",
      "Policy Impact": {
        "max_claim_limit": "50,000",
        "exclusions": [
          "cosmetic surgery",
          "experimental valve"
        ]
      },
      "Confidence": 0.255
    }
  ]
}