{
  "source_pdf": "Patient_be58f494.pdf",
  "Extracted Prescription Data": {
    "Diagnosis": [
      "oc479"
    ],
    "Medications": [
      "albuterol inhaler"
    ],
    "Tests": [
      "hearing test",
      "influenza test"
    ],
    "Visit Reason": [
      "fever"
    ]
  },
  "Insurance Policy Impact": [
    {
      "Clinical Context Used": "fever hearing test influenza test albuterol inhaler oc479",
      "Matched Specialty": "cardiology",
      "Policy Impact": {
        "max_claim_limit": "50,000",
        "exclusions": [
          "cosmetic surgery",
          "experimental valve"
        ]
      },
      "Confidence": 0.139
    }
  ]
}