{
  "source_pdf": "Patient_90e4cdde.pdf",
  "Extracted Prescription Data": {
    "Diagnosis": [
      "zy829"
    ],
    "Medications": [
      "lisinopril"
    ],
    "Tests": [
      "vitamin d level"
    ],
    "Visit Reason": [
      "abdominal pain"
    ]
  },
  "Insurance Policy Impact": [
    {
      "Clinical Context Used": "abdominal pain vitamin d level lisinopril zy829",
      "Matched Specialty": "gastroenterology",
      "Policy Impact": {
        "max_claim_limit": "40,000",
        "exclusions": [
          "dietary supplements",
          "detox programs"
        ]
      },
      "Confidence": 0.266
    }
  ]
}