{
  "source_pdf": "Patient_d7a89002.pdf",
  "Extracted Prescription Data": {
    "Diagnosis": [
      "ap490"
    ],
    "Medications": [
      "gabapentin",
      "lamotrigine"
    ],
    "Tests": [
      "mri brain"
    ],
    "Visit Reason": [
      "migraine"
    ]
  },
  "Insurance Policy Impact": [
    {
      "Clinical Context Used": "migraine mri brain gabapentin lamotrigine ap490",
      "Matched Specialty": "neurology",
      "Policy Impact": {
        "max_claim_limit": "60,000",
        "exclusions": [
          "biofeedback",
          "experimental neurostim"
        ]
      },
      "Confidence": 0.365
    }
  ]
}