{
  "source_pdf": "Patient_b396f43d.pdf",
  "Extracted Prescription Data": {
    "Diagnosis": [
      "si692"
    ],
    "Medications": [
      "warfarin"
    ],
    "Tests": [
      "cardiac ct",
      "troponin test"
    ],
    "Visit Reason": [
      "palpitations"
    ]
  },
  "Insurance Policy Impact": [
    {
      "Clinical Context Used": "palpitations cardiac ct troponin test warfarin si692",
      "Matched Specialty": "cardiology",
      "Policy Impact": {
        "max_claim_limit": "50,000",
        "exclusions": [
          "cosmetic surgery",
          "experimental valve"
        ]
      },
      "Confidence": 0.215
    }
  ]
}