{
  "source_pdf": "Patient_54f3a6b4.pdf",
  "Extracted Prescription Data": {
    "Diagnosis": [
      "nj355"
    ],
    "Medications": [
      "furosemide",
      "nitroglycerin"
    ],
    "Tests": [
      "lipid panel"
    ],
    "Visit Reason": [
      "shortness of breath"
    ]
  },
  "Insurance Policy Impact": [
    {
      "Clinical Context Used": "shortness of breath lipid panel furosemide nitroglycerin nj355",
      "Matched Specialty": "cardiology",
      "Policy Impact": {
        "max_claim_limit": "50,000",
        "exclusions": [
          "cosmetic surgery",
          "experimental valve"
        ]
      },
      "Confidence": 0.244
    }
  ]
}