{
  "source_pdf": "Patient_42d3b833.pdf",
  "Extracted Prescription Data": {
    "Diagnosis": [
      "vh164"
    ],
    "Medications": [
      "acetaminophen",
      "ceftriaxone"
    ],
    "Tests": [
      "hearing test",
      "rsv test"
    ],
    "Visit Reason": [
      "sore throat"
    ]
  },
  "Insurance Policy Impact": [
    {
      "Clinical Context Used": "sore throat hearing test rsv test acetaminophen ceftriaxone vh164",
      "Matched Specialty": "neurology",
      "Policy Impact": {
        "max_claim_limit": "60,000",
        "exclusions": [
          "biofeedback",
          "experimental neurostim"
        ]
      },
      "Confidence": 0.132
    }
  ]
}