{
  "source_pdf": "Patient_01a80b01.pdf",
  "Extracted Prescription Data": {
    "Diagnosis": [
      "gg350"
    ],
    "Medications": [
      "simvastatin"
    ],
    "Tests": [
      "lipid panel"
    ],
    "Visit Reason": [
      "hypertension\nfollow-up"
    ]
  },
  "Insurance Policy Impact": [
    {
      "Clinical Context Used": "hypertension\nfollow-up lipid panel simvastatin gg350",
      "Matched Specialty": "cardiology",
      "Policy Impact": {
        "max_claim_limit": "50,000",
        "exclusions": [
          "cosmetic surgery",
          "experimental valve"
        ]
      },
      "Confidence": 0.227
    }
  ]
}