{
  "source_pdf": "Patient_77fb4cba.pdf",
  "Extracted Prescription Data": {
    "Diagnosis": [
      "dg125"
    ],
    "Medications": [
      "azithromycin"
    ],
    "Tests": [
      "lead screening",
      "vision screen"
    ],
    "Visit Reason": [
      "rash"
    ]
  },
  "Insurance Policy Impact": [
    {
      "Clinical Context Used": "rash lead screening vision screen azithromycin dg125",
      "Matched Specialty": "pediatrics",
      "Policy Impact": {
        "max_claim_limit": "25,000",
        "exclusions": [
          "growth hormones (cosmetic)",
          "developmental therapy"
        ]
      },
      "Confidence": 0.185
    }
  ]
}