{
  "source_pdf": "Patient_5f402062.pdf",
  "Extracted Prescription Data": {
    "Diagnosis": [
      "oq876"
    ],
    "Medications": [
      "warfarin"
    ],
    "Tests": [
      "cardiac ct",
      "stress test"
    ],
    "Visit Reason": [
      "heart failure\ncheckup"
    ]
  },
  "Insurance Policy Impact": [
    {
      "Clinical Context Used": "heart failure\ncheckup cardiac ct stress test warfarin oq876",
      "Matched Specialty": "cardiology",
      "Policy Impact": {
        "max_claim_limit": "50,000",
        "exclusions": [
          "cosmetic surgery",
          "experimental valve"
        ]
      },
      "Confidence": 0.222
    }
  ]
}