{
  "source_pdf": "Patient_ca26f296.pdf",
  "Extracted Prescription Data": {
    "Diagnosis": [
      "bw497"
    ],
    "Medications": [
      "simvastatin"
    ],
    "Tests": [
      "urinalysis"
    ],
    "Visit Reason": [
      "back pain"
    ]
  },
  "Insurance Policy Impact": [
    {
      "Clinical Context Used": "back pain urinalysis simvastatin bw497",
      "Matched Specialty": "neurology",
      "Policy Impact": {
        "max_claim_limit": "60,000",
        "exclusions": [
          "biofeedback",
          "experimental neurostim"
        ]
      },
      "Confidence": 0.275
    }
  ]
}