{
  "source_pdf": "Patient_41bf5399.pdf",
  "Extracted Prescription Data": {
    "Diagnosis": [
      "ra219"
    ],
    "Medications": [
      "gabapentin"
    ],
    "Tests": [
      "cognitive assessment"
    ],
    "Visit Reason": [
      "migraine"
    ]
  },
  "Insurance Policy Impact": [
    {
      "Clinical Context Used": "migraine cognitive assessment gabapentin ra219",
      "Matched Specialty": "neurology",
      "Policy Impact": {
        "max_claim_limit": "60,000",
        "exclusions": [
          "biofeedback",
          "experimental neurostim"
        ]
      },
      "Confidence": 0.315
    }
  ]
}