{
  "source_pdf": "Patient_4fefc043.pdf",
  "Extracted Prescription Data": {
    "Diagnosis": [
      "",
      "zg712"
    ],
    "Medications": [
      "amoxicillin",
      "azithromycin",
      "ceftriaxone",
      "prednisolone"
    ],
    "Tests": [
      "cbc",
      "hearing test",
      "rsv test",
      "vision screen"
    ],
    "Visit Reason": [
      "annual checkup",
      "cough",
      "stomach pain"
    ]
  },
  "Insurance Policy Impact": [
    {
      "Clinical Context Used": "annual checkup cough stomach pain cbc hearing test rsv test vision screen amoxicillin azithromycin ceftriaxone prednisolone zg712",
      "Matched Specialty": "gastroenterology",
      "Policy Impact": {
        "max_claim_limit": "40,000",
        "exclusions": [
          "dietary supplements",
          "detox programs"
        ]
      },
      "Confidence": 0.179
    }
  ]
}