{
  "source_pdf": "Patient_4632525b.pdf",
  "Extracted Prescription Data": {
    "Diagnosis": [
      "km298"
    ],
    "Medications": [
      "celecoxib"
    ],
    "Tests": [
      "bone density scan"
    ],
    "Visit Reason": [
      "arthritis"
    ]
  },
  "Insurance Policy Impact": [
    {
      "Clinical Context Used": "arthritis bone density scan celecoxib km298",
      "Matched Specialty": "orthopedics",
      "Policy Impact": {
        "max_claim_limit": "35,000",
        "exclusions": [
          "sports injuries (pro)",
          "massage therapy"
        ]
      },
      "Confidence": 0.222
    }
  ]
}