{
  "source_pdf": "Patient_d17ddbf4.pdf",
  "Extracted Prescription Data": {
    "Diagnosis": [
      "hz091"
    ],
    "Medications": [
      "acetaminophen"
    ],
    "Tests": [
      "influenza test",
      "strep test"
    ],
    "Visit Reason": [
      "annual checkup"
    ]
  },
  "Insurance Policy Impact": [
    {
      "Clinical Context Used": "annual checkup influenza test strep test acetaminophen hz091",
      "Matched Specialty": "gastroenterology",
      "Policy Impact": {
        "max_claim_limit": "40,000",
        "exclusions": [
          "dietary supplements",
          "detox programs"
        ]
      },
      "Confidence": 0.184
    }
  ]
}