{
  "source_pdf": "Patient_fd4fd46f.pdf",
  "Extracted Prescription Data": {
    "Diagnosis": [
      "bc410"
    ],
    "Medications": [
      "clopidogrel",
      "metoprolol"
    ],
    "Tests": [
      "lipid panel"
    ],
    "Visit Reason": [
      "angina"
    ]
  },
  "Insurance Policy Impact": [
    {
      "Clinical Context Used": "angina lipid panel clopidogrel metoprolol bc410",
      "Matched Specialty": "cardiology",
      "Policy Impact": {
        "max_claim_limit": "50,000",
        "exclusions": [
          "cosmetic surgery",
          "experimental valve"
        ]
      },
      "Confidence": 0.218
    }
  ]
}