{
  "source_pdf": "Patient_98d3a35b.pdf",
  "Extracted Prescription Data": {
    "Diagnosis": [
      "wl725"
    ],
    "Medications": [
      "meloxicam"
    ],
    "Tests": [
      "arthroscopy"
    ],
    "Visit Reason": [
      "knee pain"
    ]
  },
  "Insurance Policy Impact": [
    {
      "Clinical Context Used": "knee pain arthroscopy meloxicam wl725",
      "Matched Specialty": "orthopedics",
      "Policy Impact": {
        "max_claim_limit": "35,000",
        "exclusions": [
          "sports injuries (pro)",
          "massage therapy"
        ]
      },
      "Confidence": 0.314
    }
  ]
}