{
  "source_pdf": "Patient_93b8e26a.pdf",
  "Extracted Prescription Data": {
    "Diagnosis": [
      "qk262"
    ],
    "Medications": [
      "warfarin"
    ],
    "Tests": [
      "ecg"
    ],
    "Visit Reason": [
      "hypertension"
    ]
  },
  "Insurance Policy Impact": [
    {
      "Clinical Context Used": "hypertension ecg warfarin qk262",
      "Matched Specialty": "cardiology",
      "Policy Impact": {
        "max_claim_limit": "50,000",
        "exclusions": [
          "cosmetic surgery",
          "experimental valve"
        ]
      },
      "Confidence": 0.225
    }
  ]
}