{
  "source_pdf": "Patient_2fa6a3db.pdf",
  "Extracted Prescription Data": {
    "Diagnosis": [
      "uq702"
    ],
    "Medications": [
      "metoprolol"
    ],
    "Tests": [
      "cardiac ct",
      "stress test"
    ],
    "Visit Reason": [
      "arrhythmia"
    ]
  },
  "Insurance Policy Impact": [
    {
      "Clinical Context Used": "arrhythmia cardiac ct stress test metoprolol uq702",
      "Matched Specialty": "cardiology",
      "Policy Impact": {
        "max_claim_limit": "50,000",
        "exclusions": [
          "cosmetic surgery",
          "experimental valve"
        ]
      },
      "Confidence": 0.197
    }
  ]
}