{
  "source_pdf": "Patient_277110da.pdf",
  "Extracted Prescription Data": {
    "Diagnosis": [
      "xn020"
    ],
    "Medications": [
      "ibuprofen"
    ],
    "Tests": [
      "mri"
    ],
    "Visit Reason": [
      "shoulder pain"
    ]
  },
  "Insurance Policy Impact": [
    {
      "Clinical Context Used": "shoulder pain mri ibuprofen xn020",
      "Matched Specialty": "orthopedics",
      "Policy Impact": {
        "max_claim_limit": "35,000",
        "exclusions": [
          "sports injuries (pro)",
          "massage therapy"
        ]
      },
      "Confidence": 0.331
    }
  ]
}