{
  "source_pdf": "Patient_1be171bf.pdf",
  "Extracted Prescription Data": {
    "Diagnosis": [
      "bb360"
    ],
    "Medications": [
      "meloxicam"
    ],
    "Tests": [
      "arthroscopy"
    ],
    "Visit Reason": [
      "shoulder pain"
    ]
  },
  "Insurance Policy Impact": [
    {
      "Clinical Context Used": "shoulder pain arthroscopy meloxicam bb360",
      "Matched Specialty": "orthopedics",
      "Policy Impact": {
        "max_claim_limit": "35,000",
        "exclusions": [
          "sports injuries (pro)",
          "massage therapy"
        ]
      },
      "Confidence": 0.353
    }
  ]
}