{
  "source_pdf": "Patient_53662887.pdf",
  "Extracted Prescription Data": {
    "Diagnosis": [
      "zl638"
    ],
    "Medications": [
      "lisinopril",
      "nitroglycerin"
    ],
    "Tests": [
      "cardiac ct",
      "troponin test"
    ],
    "Visit Reason": [
      "shortness of breath"
    ]
  },
  "Insurance Policy Impact": [
    {
      "Clinical Context Used": "shortness of breath cardiac ct troponin test lisinopril nitroglycerin zl638",
      "Matched Specialty": "cardiology",
      "Policy Impact": {
        "max_claim_limit": "50,000",
        "exclusions": [
          "cosmetic surgery",
          "experimental valve"
        ]
      },
      "Confidence": 0.238
    }
  ]
}