{
  "source_pdf": "Patient_ec7486a8.pdf",
  "Extracted Prescription Data": {
    "Diagnosis": [
      "tm574"
    ],
    "Medications": [
      "nitroglycerin"
    ],
    "Tests": [
      "echocardiogram",
      "holter monitor"
    ],
    "Visit Reason": [
      "shortness of breath"
    ]
  },
  "Insurance Policy Impact": [
    {
      "Clinical Context Used": "shortness of breath echocardiogram holter monitor nitroglycerin tm574",
      "Matched Specialty": "cardiology",
      "Policy Impact": {
        "max_claim_limit": "50,000",
        "exclusions": [
          "cosmetic surgery",
          "experimental valve"
        ]
      },
      "Confidence": 0.322
    }
  ]
}