{
  "source_pdf": "Patient_9e58da34.pdf",
  "Extracted Prescription Data": {
    "Diagnosis": [
      "fv224"
    ],
    "Medications": [
      "sertraline"
    ],
    "Tests": [
      "cmp"
    ],
    "Visit Reason": [
      "infection"
    ]
  },
  "Insurance Policy Impact": [
    {
      "Clinical Context Used": "infection cmp sertraline fv224",
      "Matched Specialty": "neurology",
      "Policy Impact": {
        "max_claim_limit": "60,000",
        "exclusions": [
          "biofeedback",
          "experimental neurostim"
        ]
      },
      "Confidence": 0.161
    }
  ]
}