{
  "source_pdf": "Patient_ce16b302.pdf",
  "Extracted Prescription Data": {
    "Diagnosis": [
      "sz424"
    ],
    "Medications": [
      "albuterol inhaler",
      "ibuprofen"
    ],
    "Tests": [
      "hearing test",
      "rsv test"
    ],
    "Visit Reason": [
      "growth check"
    ]
  },
  "Insurance Policy Impact": [
    {
      "Clinical Context Used": "growth check hearing test rsv test albuterol inhaler ibuprofen sz424",
      "Matched Specialty": "pediatrics",
      "Policy Impact": {
        "max_claim_limit": "25,000",
        "exclusions": [
          "growth hormones (cosmetic)",
          "developmental therapy"
        ]
      },
      "Confidence": 0.203
    }
  ]
}