{
  "source_pdf": "Patient_0b0f2335.pdf",
  "Extracted Prescription Data": {
    "Diagnosis": [
      "",
      "ld231"
    ],
    "Medications": [
      "carbamazepine",
      "donepezil",
      "gabapentin",
      "lamotrigine",
      "sumatriptan",
      "topiramate"
    ],
    "Tests": [
      "cognitive assessment",
      "eeg",
      "mri brain",
      "nerve conduction study"
    ],
    "Visit Reason": [
      "dizziness",
      "memory loss",
      "neuropathy",
      "numbness",
      "seizure"
    ]
  },
  "Insurance Policy Impact": [
    {
      "Clinical Context Used": "dizziness memory loss neuropathy numbness seizure cognitive assessment eeg mri brain nerve conduction study carbamazepine donepezil gabapentin lamotrigine sumatriptan topiramate ld231",
      "Matched Specialty": "neurology",
      "Policy Impact": {
        "max_claim_limit": "60,000",
        "exclusions": [
          "biofeedback",
          "experimental neurostim"
        ]
      },
      "Confidence": 0.383
    }
  ]
}