{
  "source_pdf": "Patient_a29304f4.pdf",
  "Extracted Prescription Data": {
    "Diagnosis": [
      "er375"
    ],
    "Medications": [
      "ibuprofen"
    ],
    "Tests": [
      "cbc",
      "influenza test"
    ],
    "Visit Reason": [
      "vaccination"
    ]
  },
  "Insurance Policy Impact": [
    {
      "Clinical Context Used": "vaccination cbc influenza test ibuprofen er375",
      "Matched Specialty": "gastroenterology",
      "Policy Impact": {
        "max_claim_limit": "40,000",
        "exclusions": [
          "dietary supplements",
          "detox programs"
        ]
      },
      "Confidence": 0.153
    }
  ]
}