{
  "source_pdf": "Patient_5f4bf28b.pdf",
  "Extracted Prescription Data": {
    "Diagnosis": [
      "kr421"
    ],
    "Medications": [
      "levetiracetam"
    ],
    "Tests": [
      "ct head"
    ],
    "Visit Reason": [
      "numbness"
    ]
  },
  "Insurance Policy Impact": [
    {
      "Clinical Context Used": "numbness ct head levetiracetam kr421",
      "Matched Specialty": "neurology",
      "Policy Impact": {
        "max_claim_limit": "60,000",
        "exclusions": [
          "biofeedback",
          "experimental neurostim"
        ]
      },
      "Confidence": 0.194
    }
  ]
}