{
  "source_pdf": "Patient_36c8b151.pdf",
  "Extracted Prescription Data": {
    "Diagnosis": [
      "mm942"
    ],
    "Medications": [
      "amoxicillin",
      "metformin"
    ],
    "Tests": [
      "hba1c",
      "tsh"
    ],
    "Visit Reason": [
      "allergy"
    ]
  },
  "Insurance Policy Impact": [
    {
      "Clinical Context Used": "allergy hba1c tsh amoxicillin metformin mm942",
      "Matched Specialty": "gastroenterology",
      "Policy Impact": {
        "max_claim_limit": "40,000",
        "exclusions": [
          "dietary supplements",
          "detox programs"
        ]
      },
      "Confidence": 0.142
    }
  ]
}