{
  "source_pdf": "Patient_c5ed8d16.pdf",
  "Extracted Prescription Data": {
    "Diagnosis": [
      "sh859"
    ],
    "Medications": [
      "metformin"
    ],
    "Tests": [
      "hba1c",
      "urinalysis"
    ],
    "Visit Reason": [
      "hypertension\nfollow-up"
    ]
  },
  "Insurance Policy Impact": [
    {
      "Clinical Context Used": "hypertension\nfollow-up hba1c urinalysis metformin sh859",
      "Matched Specialty": "gastroenterology",
      "Policy Impact": {
        "max_claim_limit": "40,000",
        "exclusions": [
          "dietary supplements",
          "detox programs"
        ]
      },
      "Confidence": 0.138
    }
  ]
}