{
  "source_pdf": "Patient_0fa44e7b.pdf",
  "Extracted Prescription Data": {
    "Diagnosis": [
      "",
      "xx586"
    ],
    "Medications": [
      "celecoxib",
      "naproxen",
      "tramadol"
    ],
    "Tests": [
      "arthroscopy",
      "ct scan",
      "mri",
      "x-ray"
    ],
    "Visit Reason": [
      "arthritis",
      "fracture follow-up",
      "knee pain",
      "shoulder pain",
      "sports injury"
    ]
  },
  "Insurance Policy Impact": [
    {
      "Clinical Context Used": "arthritis fracture follow-up knee pain shoulder pain sports injury arthroscopy ct scan mri x-ray celecoxib naproxen tramadol xx586",
      "Matched Specialty": "orthopedics",
      "Policy Impact": {
        "max_claim_limit": "35,000",
        "exclusions": [
          "sports injuries (pro)",
          "massage therapy"
        ]
      },
      "Confidence": 0.436
    }
  ]
}