{
  "source_pdf": "Patient_3eed8dfe.pdf",
  "Extracted Prescription Data": {
    "Diagnosis": [
      "wm999"
    ],
    "Medications": [
      "amoxicillin",
      "levothyroxine"
    ],
    "Tests": [
      "cmp"
    ],
    "Visit Reason": [
      "flu symptoms"
    ]
  },
  "Insurance Policy Impact": [
    {
      "Clinical Context Used": "flu symptoms cmp amoxicillin levothyroxine wm999",
      "Matched Specialty": "neurology",
      "Policy Impact": {
        "max_claim_limit": "60,000",
        "exclusions": [
          "biofeedback",
          "experimental neurostim"
        ]
      },
      "Confidence": 0.179
    }
  ]
}