{
  "source_pdf": "Patient_580f951f.pdf",
  "Extracted Prescription Data": {
    "Diagnosis": [
      "ho335"
    ],
    "Medications": [
      "lamotrigine"
    ],
    "Tests": [
      "nerve conduction study"
    ],
    "Visit Reason": [
      "neuropathy"
    ]
  },
  "Insurance Policy Impact": [
    {
      "Clinical Context Used": "neuropathy nerve conduction study lamotrigine ho335",
      "Matched Specialty": "neurology",
      "Policy Impact": {
        "max_claim_limit": "60,000",
        "exclusions": [
          "biofeedback",
          "experimental neurostim"
        ]
      },
      "Confidence": 0.399
    }
  ]
}