{
  "source_pdf": "Patient_107fd25e.pdf",
  "Extracted Prescription Data": {
    "Diagnosis": [
      "jm128"
    ],
    "Medications": [
      "acetaminophen"
    ],
    "Tests": [
      "rsv test"
    ],
    "Visit Reason": [
      "ear infection"
    ]
  },
  "Insurance Policy Impact": [
    {
      "Clinical Context Used": "ear infection rsv test acetaminophen jm128",
      "Matched Specialty": "cardiology",
      "Policy Impact": {
        "max_claim_limit": "50,000",
        "exclusions": [
          "cosmetic surgery",
          "experimental valve"
        ]
      },
      "Confidence": 0.132
    }
  ]
}