{
  "source_pdf": "Patient_eac43ac5.pdf",
  "Extracted Prescription Data": {
    "Diagnosis": [
      "dy713"
    ],
    "Medications": [
      "ibuprofen"
    ],
    "Tests": [
      "cmp"
    ],
    "Visit Reason": [
      "infection"
    ]
  },
  "Insurance Policy Impact": [
    {
      "Clinical Context Used": "infection cmp ibuprofen dy713",
      "Matched Specialty": "gastroenterology",
      "Policy Impact": {
        "max_claim_limit": "40,000",
        "exclusions": [
          "dietary supplements",
          "detox programs"
        ]
      },
      "Confidence": 0.198
    }
  ]
}