{
  "source_pdf": "Patient_29bee9b0.pdf",
  "Extracted Prescription Data": {
    "Diagnosis": [
      "bv787"
    ],
    "Medications": [
      "lisinopril",
      "metformin"
    ],
    "Tests": [
      "cmp"
    ],
    "Visit Reason": [
      "fatigue"
    ]
  },
  "Insurance Policy Impact": [
    {
      "Clinical Context Used": "fatigue cmp lisinopril metformin bv787",
      "Matched Specialty": "gastroenterology",
      "Policy Impact": {
        "max_claim_limit": "40,000",
        "exclusions": [
          "dietary supplements",
          "detox programs"
        ]
      },
      "Confidence": 0.219
    }
  ]
}