{
  "source_pdf": "Patient_15ff9e64.pdf",
  "Extracted Prescription Data": {
    "Diagnosis": [
      "wp012"
    ],
    "Medications": [
      "ceftriaxone"
    ],
    "Tests": [
      "vision screen"
    ],
    "Visit Reason": [
      "stomach pain"
    ]
  },
  "Insurance Policy Impact": [
    {
      "Clinical Context Used": "stomach pain vision screen ceftriaxone wp012",
      "Matched Specialty": "gastroenterology",
      "Policy Impact": {
        "max_claim_limit": "40,000",
        "exclusions": [
          "dietary supplements",
          "detox programs"
        ]
      },
      "Confidence": 0.236
    }
  ]
}