{
  "source_pdf": "Patient_d60bd046.pdf",
  "Extracted Prescription Data": {
    "Diagnosis": [
      "ef521"
    ],
    "Medications": [
      "prednisolone"
    ],
    "Tests": [
      "vision screen"
    ],
    "Visit Reason": [
      "ear infection"
    ]
  },
  "Insurance Policy Impact": [
    {
      "Clinical Context Used": "ear infection vision screen prednisolone ef521",
      "Matched Specialty": "oncology",
      "Policy Impact": {
        "max_claim_limit": "150,000",
        "exclusions": [
          "alternative medicine",
          "unproven stem cell"
        ]
      },
      "Confidence": 0.153
    }
  ]
}