{
  "source_pdf": "Patient_9b265198.pdf",
  "Extracted Prescription Data": {
    "Diagnosis": [
      "ey149"
    ],
    "Medications": [
      "nitroglycerin"
    ],
    "Tests": [
      "stress test"
    ],
    "Visit Reason": [
      "angina"
    ]
  },
  "Insurance Policy Impact": [
    {
      "Clinical Context Used": "angina stress test nitroglycerin ey149",
      "Matched Specialty": "cardiology",
      "Policy Impact": {
        "max_claim_limit": "50,000",
        "exclusions": [
          "cosmetic surgery",
          "experimental valve"
        ]
      },
      "Confidence": 0.28
    }
  ]
}