{
  "source_pdf": "Patient_499dabdf.pdf",
  "Extracted Prescription Data": {
    "Diagnosis": [
      "nx072"
    ],
    "Medications": [
      "gabapentin"
    ],
    "Tests": [
      "cognitive assessment",
      "mri brain"
    ],
    "Visit Reason": [
      "chronic headaches"
    ]
  },
  "Insurance Policy Impact": [
    {
      "Clinical Context Used": "chronic headaches cognitive assessment mri brain gabapentin nx072",
      "Matched Specialty": "neurology",
      "Policy Impact": {
        "max_claim_limit": "60,000",
        "exclusions": [
          "biofeedback",
          "experimental neurostim"
        ]
      },
      "Confidence": 0.374
    }
  ]
}