{
  "source_pdf": "Patient_7d3529bc.pdf",
  "Extracted Prescription Data": {
    "Diagnosis": [
      "tx929"
    ],
    "Medications": [
      "celecoxib",
      "hydrocodone"
    ],
    "Tests": [
      "arthroscopy",
      "x-ray"
    ],
    "Visit Reason": [
      "fracture follow-up"
    ]
  },
  "Insurance Policy Impact": [
    {
      "Clinical Context Used": "fracture follow-up arthroscopy x-ray celecoxib hydrocodone tx929",
      "Matched Specialty": "orthopedics",
      "Policy Impact": {
        "max_claim_limit": "35,000",
        "exclusions": [
          "sports injuries (pro)",
          "massage therapy"
        ]
      },
      "Confidence": 0.2
    }
  ]
}