{
  "source_pdf": "Patient_29e6a82d.pdf",
  "Extracted Prescription Data": {
    "Diagnosis": [
      "",
      "pe185"
    ],
    "Medications": [
      "albuterol inhaler",
      "amoxicillin",
      "azithromycin",
      "ibuprofen"
    ],
    "Tests": [
      "influenza test",
      "lead screening",
      "vision screen"
    ],
    "Visit Reason": [
      "annual checkup",
      "fever",
      "sore throat"
    ]
  },
  "Insurance Policy Impact": [
    {
      "Clinical Context Used": "annual checkup fever sore throat influenza test lead screening vision screen albuterol inhaler amoxicillin azithromycin ibuprofen pe185",
      "Matched Specialty": "general practice",
      "Policy Impact": {
        "max_claim_limit": null,
        "exclusions": [
          "not available"
        ]
      },
      "Confidence": 0.166
    }
  ]
}