{
  "source_pdf": "Patient_d3c6eeb8.pdf",
  "Extracted Prescription Data": {
    "Diagnosis": [
      "",
      "fm334"
    ],
    "Medications": [
      "atorvastatin",
      "furosemide"
    ],
    "Tests": [
      "cardiac ct",
      "ecg",
      "echocardiogram",
      "lipid panel"
    ],
    "Visit Reason": [
      "arrhythmia",
      "shortness of breath"
    ]
  },
  "Insurance Policy Impact": [
    {
      "Clinical Context Used": "arrhythmia shortness of breath cardiac ct ecg echocardiogram lipid panel atorvastatin furosemide fm334",
      "Matched Specialty": "cardiology",
      "Policy Impact": {
        "max_claim_limit": "50,000",
        "exclusions": [
          "cosmetic surgery",
          "experimental valve"
        ]
      },
      "Confidence": 0.272
    }
  ]
}