{
  "source_pdf": "Patient_2a3784bd.pdf",
  "Extracted Prescription Data": {
    "Diagnosis": [
      "ib275"
    ],
    "Medications": [
      "meloxicam"
    ],
    "Tests": [
      "x-ray"
    ],
    "Visit Reason": [
      "hip pain"
    ]
  },
  "Insurance Policy Impact": [
    {
      "Clinical Context Used": "hip pain x-ray meloxicam ib275",
      "Matched Specialty": "orthopedics",
      "Policy Impact": {
        "max_claim_limit": "35,000",
        "exclusions": [
          "sports injuries (pro)",
          "massage therapy"
        ]
      },
      "Confidence": 0.27
    }
  ]
}