{
  "source_pdf": "Patient_5abe8f0e.pdf",
  "Extracted Prescription Data": {
    "Diagnosis": [
      "oy719"
    ],
    "Medications": [
      "azithromycin"
    ],
    "Tests": [
      "cbc",
      "vision screen"
    ],
    "Visit Reason": [
      "vaccination"
    ]
  },
  "Insurance Policy Impact": [
    {
      "Clinical Context Used": "vaccination cbc vision screen azithromycin oy719",
      "Matched Specialty": "oncology",
      "Policy Impact": {
        "max_claim_limit": "150,000",
        "exclusions": [
          "alternative medicine",
          "unproven stem cell"
        ]
      },
      "Confidence": 0.162
    }
  ]
}