{
  "source_pdf": "Patient_c9c00f32.pdf",
  "Extracted Prescription Data": {
    "Diagnosis": [
      "ol978"
    ],
    "Medications": [
      "lisinopril"
    ],
    "Tests": [
      "echocardiogram"
    ],
    "Visit Reason": [
      "angina"
    ]
  },
  "Insurance Policy Impact": [
    {
      "Clinical Context Used": "angina echocardiogram lisinopril ol978",
      "Matched Specialty": "cardiology",
      "Policy Impact": {
        "max_claim_limit": "50,000",
        "exclusions": [
          "cosmetic surgery",
          "experimental valve"
        ]
      },
      "Confidence": 0.269
    }
  ]
}