{
  "source_pdf": "Patient_9db26233.pdf",
  "Extracted Prescription Data": {
    "Diagnosis": [
      "pp014"
    ],
    "Medications": [
      "ibuprofen"
    ],
    "Tests": [
      "influenza test"
    ],
    "Visit Reason": [
      "growth check"
    ]
  },
  "Insurance Policy Impact": [
    {
      "Clinical Context Used": "growth check influenza test ibuprofen pp014",
      "Matched Specialty": "pediatrics",
      "Policy Impact": {
        "max_claim_limit": "25,000",
        "exclusions": [
          "growth hormones (cosmetic)",
          "developmental therapy"
        ]
      },
      "Confidence": 0.396
    }
  ]
}