{
  "source_pdf": "Patient_451318a2.pdf",
  "Extracted Prescription Data": {
    "Diagnosis": [
      "ds800"
    ],
    "Medications": [
      "atorvastatin",
      "furosemide"
    ],
    "Tests": [
      "echocardiogram"
    ],
    "Visit Reason": [
      "angina"
    ]
  },
  "Insurance Policy Impact": [
    {
      "Clinical Context Used": "angina echocardiogram atorvastatin furosemide ds800",
      "Matched Specialty": "cardiology",
      "Policy Impact": {
        "max_claim_limit": "50,000",
        "exclusions": [
          "cosmetic surgery",
          "experimental valve"
        ]
      },
      "Confidence": 0.225
    }
  ]
}