{
  "source_pdf": "Patient_b685d139.pdf",
  "Extracted Prescription Data": {
    "Diagnosis": [
      "tp738"
    ],
    "Medications": [
      "amoxicillin"
    ],
    "Tests": [
      "vitamin d level"
    ],
    "Visit Reason": [
      "flu symptoms"
    ]
  },
  "Insurance Policy Impact": [
    {
      "Clinical Context Used": "flu symptoms vitamin d level amoxicillin tp738",
      "Matched Specialty": "gastroenterology",
      "Policy Impact": {
        "max_claim_limit": "40,000",
        "exclusions": [
          "dietary supplements",
          "detox programs"
        ]
      },
      "Confidence": 0.123
    }
  ]
}