{
  "source_pdf": "Patient_b118a97b.pdf",
  "Extracted Prescription Data": {
    "Diagnosis": [
      "ns811"
    ],
    "Medications": [
      "azithromycin"
    ],
    "Tests": [
      "hearing test"
    ],
    "Visit Reason": [
      "stomach pain"
    ]
  },
  "Insurance Policy Impact": [
    {
      "Clinical Context Used": "stomach pain hearing test azithromycin ns811",
      "Matched Specialty": "cardiology",
      "Policy Impact": {
        "max_claim_limit": "50,000",
        "exclusions": [
          "cosmetic surgery",
          "experimental valve"
        ]
      },
      "Confidence": 0.199
    }
  ]
}