{
  "source_pdf": "Patient_ad4deeda.pdf",
  "Extracted Prescription Data": {
    "Diagnosis": [
      "",
      "br129"
    ],
    "Medications": [
      "amoxicillin",
      "levothyroxine",
      "omeprazole",
      "simvastatin"
    ],
    "Tests": [
      "cbc",
      "cmp",
      "hba1c",
      "lipid panel"
    ],
    "Visit Reason": [
      "back pain",
      "flu symptoms",
      "infection"
    ]
  },
  "Insurance Policy Impact": [
    {
      "Clinical Context Used": "back pain flu symptoms infection cbc cmp hba1c lipid panel amoxicillin levothyroxine omeprazole simvastatin br129",
      "Matched Specialty": "neurology",
      "Policy Impact": {
        "max_claim_limit": "60,000",
        "exclusions": [
          "biofeedback",
          "experimental neurostim"
        ]
      },
      "Confidence": 0.226
    }
  ]
}