{
  "source_pdf": "Patient_e4e63662.pdf",
  "Extracted Prescription Data": {
    "Diagnosis": [
      "km277"
    ],
    "Medications": [
      "gabapentin"
    ],
    "Tests": [
      "lumbar puncture"
    ],
    "Visit Reason": [
      "seizure"
    ]
  },
  "Insurance Policy Impact": [
    {
      "Clinical Context Used": "seizure lumbar puncture gabapentin km277",
      "Matched Specialty": "neurology",
      "Policy Impact": {
        "max_claim_limit": "60,000",
        "exclusions": [
          "biofeedback",
          "experimental neurostim"
        ]
      },
      "Confidence": 0.206
    }
  ]
}