{
  "source_pdf": "Patient_c4b2b41a.pdf",
  "Extracted Prescription Data": {
    "Diagnosis": [
      "wu082"
    ],
    "Medications": [
      "lisinopril",
      "omeprazole"
    ],
    "Tests": [
      "lipid panel"
    ],
    "Visit Reason": [
      "flu symptoms"
    ]
  },
  "Insurance Policy Impact": [
    {
      "Clinical Context Used": "flu symptoms lipid panel lisinopril omeprazole wu082",
      "Matched Specialty": "cardiology",
      "Policy Impact": {
        "max_claim_limit": "50,000",
        "exclusions": [
          "cosmetic surgery",
          "experimental valve"
        ]
      },
      "Confidence": 0.136
    }
  ]
}