{
  "source_pdf": "Patient_33017fa5.pdf",
  "Extracted Prescription Data": {
    "Diagnosis": [
      "ae190"
    ],
    "Medications": [
      "carbamazepine"
    ],
    "Tests": [
      "eeg"
    ],
    "Visit Reason": [
      "memory loss"
    ]
  },
  "Insurance Policy Impact": [
    {
      "Clinical Context Used": "memory loss eeg carbamazepine ae190",
      "Matched Specialty": "neurology",
      "Policy Impact": {
        "max_claim_limit": "60,000",
        "exclusions": [
          "biofeedback",
          "experimental neurostim"
        ]
      },
      "Confidence": 0.333
    }
  ]
}