{
  "source_pdf": "Patient_11598362.pdf",
  "Extracted Prescription Data": {
    "Diagnosis": [
      "zl638"
    ],
    "Medications": [
      "furosemide",
      "nitroglycerin"
    ],
    "Tests": [
      "stress test"
    ],
    "Visit Reason": [
      "angina"
    ]
  },
  "Insurance Policy Impact": [
    {
      "Clinical Context Used": "angina stress test furosemide nitroglycerin zl638",
      "Matched Specialty": "cardiology",
      "Policy Impact": {
        "max_claim_limit": "50,000",
        "exclusions": [
          "cosmetic surgery",
          "experimental valve"
        ]
      },
      "Confidence": 0.237
    }
  ]
}