{
  "source_pdf": "Patient_7974faef.pdf",
  "Extracted Prescription Data": {
    "Diagnosis": [
      "aw989"
    ],
    "Medications": [
      "sertraline"
    ],
    "Tests": [
      "cbc",
      "lipid panel"
    ],
    "Visit Reason": [
      "fatigue"
    ]
  },
  "Insurance Policy Impact": [
    {
      "Clinical Context Used": "fatigue cbc lipid panel sertraline aw989",
      "Matched Specialty": "neurology",
      "Policy Impact": {
        "max_claim_limit": "60,000",
        "exclusions": [
          "biofeedback",
          "experimental neurostim"
        ]
      },
      "Confidence": 0.23
    }
  ]
}