{
  "source_pdf": "Patient_87d2f84a.pdf",
  "Extracted Prescription Data": {
    "Diagnosis": [
      "nj321"
    ],
    "Medications": [
      "amlodipine"
    ],
    "Tests": [
      "holter monitor",
      "stress test"
    ],
    "Visit Reason": [
      "palpitations"
    ]
  },
  "Insurance Policy Impact": [
    {
      "Clinical Context Used": "palpitations holter monitor stress test amlodipine nj321",
      "Matched Specialty": "cardiology",
      "Policy Impact": {
        "max_claim_limit": "50,000",
        "exclusions": [
          "cosmetic surgery",
          "experimental valve"
        ]
      },
      "Confidence": 0.232
    }
  ]
}