{
  "source_pdf": "Patient_0414926f.pdf",
  "Extracted Prescription Data": {
    "Diagnosis": [
      "fx504"
    ],
    "Medications": [
      "acetaminophen",
      "ibuprofen"
    ],
    "Tests": [
      "rsv test"
    ],
    "Visit Reason": [
      "rash"
    ]
  },
  "Insurance Policy Impact": [
    {
      "Clinical Context Used": "rash rsv test acetaminophen ibuprofen fx504",
      "Matched Specialty": "gastroenterology",
      "Policy Impact": {
        "max_claim_limit": "40,000",
        "exclusions": [
          "dietary supplements",
          "detox programs"
        ]
      },
      "Confidence": 0.16
    }
  ]
}