{
  "source_pdf": "Patient_b145ac21.pdf",
  "Extracted Prescription Data": {
    "Diagnosis": [
      "",
      "re278"
    ],
    "Medications": [
      "celecoxib",
      "ibuprofen",
      "meloxicam",
      "naproxen",
      "tramadol"
    ],
    "Tests": [
      "arthroscopy",
      "ct scan",
      "mri",
      "x-ray"
    ],
    "Visit Reason": [
      "arthritis",
      "back pain",
      "joint stiffness",
      "shoulder pain"
    ]
  },
  "Insurance Policy Impact": [
    {
      "Clinical Context Used": "arthritis back pain joint stiffness shoulder pain arthroscopy ct scan mri x-ray celecoxib ibuprofen meloxicam naproxen tramadol re278",
      "Matched Specialty": "orthopedics",
      "Policy Impact": {
        "max_claim_limit": "35,000",
        "exclusions": [
          "sports injuries (pro)",
          "massage therapy"
        ]
      },
      "Confidence": 0.378
    }
  ]
}