{
  "source_pdf": "Patient_df38ec8d.pdf",
  "Extracted Prescription Data": {
    "Diagnosis": [
      "me847"
    ],
    "Medications": [
      "hydrocodone",
      "tramadol"
    ],
    "Tests": [
      "ct scan"
    ],
    "Visit Reason": [
      "sports injury"
    ]
  },
  "Insurance Policy Impact": [
    {
      "Clinical Context Used": "sports injury ct scan hydrocodone tramadol me847",
      "Matched Specialty": "orthopedics",
      "Policy Impact": {
        "max_claim_limit": "35,000",
        "exclusions": [
          "sports injuries (pro)",
          "massage therapy"
        ]
      },
      "Confidence": 0.356
    }
  ]
}