{
  "source_pdf": "Patient_4548bade.pdf",
  "Extracted Prescription Data": {
    "Diagnosis": [
      "yq337"
    ],
    "Medications": [
      "celecoxib",
      "hydrocodone"
    ],
    "Tests": [
      "bone density scan"
    ],
    "Visit Reason": [
      "joint stiffness"
    ]
  },
  "Insurance Policy Impact": [
    {
      "Clinical Context Used": "joint stiffness bone density scan celecoxib hydrocodone yq337",
      "Matched Specialty": "orthopedics",
      "Policy Impact": {
        "max_claim_limit": "35,000",
        "exclusions": [
          "sports injuries (pro)",
          "massage therapy"
        ]
      },
      "Confidence": 0.237
    }
  ]
}