{
  "source_pdf": "Patient_3e70b815.pdf",
  "Extracted Prescription Data": {
    "Diagnosis": [
      "po326"
    ],
    "Medications": [
      "gabapentin",
      "lamotrigine"
    ],
    "Tests": [
      "lumbar puncture"
    ],
    "Visit Reason": [
      "numbness"
    ]
  },
  "Insurance Policy Impact": [
    {
      "Clinical Context Used": "numbness lumbar puncture gabapentin lamotrigine po326",
      "Matched Specialty": "neurology",
      "Policy Impact": {
        "max_claim_limit": "60,000",
        "exclusions": [
          "biofeedback",
          "experimental neurostim"
        ]
      },
      "Confidence": 0.267
    }
  ]
}