{
  "source_pdf": "Patient_6ed675b3.pdf",
  "Extracted Prescription Data": {
    "Diagnosis": [
      "is442"
    ],
    "Medications": [
      "amoxicillin"
    ],
    "Tests": [
      "tsh"
    ],
    "Visit Reason": [
      "routine checkup"
    ]
  },
  "Insurance Policy Impact": [
    {
      "Clinical Context Used": "routine checkup tsh amoxicillin is442",
      "Matched Specialty": "gastroenterology",
      "Policy Impact": {
        "max_claim_limit": "40,000",
        "exclusions": [
          "dietary supplements",
          "detox programs"
        ]
      },
      "Confidence": 0.251
    }
  ]
}