{
  "source_pdf": "Patient_045d04bc.pdf",
  "Extracted Prescription Data": {
    "Diagnosis": [
      "ea566"
    ],
    "Medications": [
      "amoxicillin"
    ],
    "Tests": [
      "hba1c",
      "urinalysis"
    ],
    "Visit Reason": [
      "allergy"
    ]
  },
  "Insurance Policy Impact": [
    {
      "Clinical Context Used": "allergy hba1c urinalysis amoxicillin ea566",
      "Matched Specialty": "neurology",
      "Policy Impact": {
        "max_claim_limit": "60,000",
        "exclusions": [
          "biofeedback",
          "experimental neurostim"
        ]
      },
      "Confidence": 0.186
    }
  ]
}