{
  "source_pdf": "Patient_8a298690.pdf",
  "Extracted Prescription Data": {
    "Diagnosis": [
      "vz003"
    ],
    "Medications": [
      "atorvastatin"
    ],
    "Tests": [
      "troponin test"
    ],
    "Visit Reason": [
      "hypertension"
    ]
  },
  "Insurance Policy Impact": [
    {
      "Clinical Context Used": "hypertension troponin test atorvastatin vz003",
      "Matched Specialty": "gastroenterology",
      "Policy Impact": {
        "max_claim_limit": "40,000",
        "exclusions": [
          "dietary supplements",
          "detox programs"
        ]
      },
      "Confidence": 0.148
    }
  ]
}