{
  "source_pdf": "Patient_291ea4a8.pdf",
  "Extracted Prescription Data": {
    "Diagnosis": [
      "oz509"
    ],
    "Medications": [
      "metoprolol"
    ],
    "Tests": [
      "ecg"
    ],
    "Visit Reason": [
      "hypertension"
    ]
  },
  "Insurance Policy Impact": [
    {
      "Clinical Context Used": "hypertension ecg metoprolol oz509",
      "Matched Specialty": "cardiology",
      "Policy Impact": {
        "max_claim_limit": "50,000",
        "exclusions": [
          "cosmetic surgery",
          "experimental valve"
        ]
      },
      "Confidence": 0.235
    }
  ]
}