{
  "source_pdf": "Patient_b41f3f61.pdf",
  "Extracted Prescription Data": {
    "Diagnosis": [
      "cd681"
    ],
    "Medications": [
      "amlodipine",
      "metoprolol"
    ],
    "Tests": [
      "holter monitor"
    ],
    "Visit Reason": [
      "angina"
    ]
  },
  "Insurance Policy Impact": [
    {
      "Clinical Context Used": "angina holter monitor amlodipine metoprolol cd681",
      "Matched Specialty": "cardiology",
      "Policy Impact": {
        "max_claim_limit": "50,000",
        "exclusions": [
          "cosmetic surgery",
          "experimental valve"
        ]
      },
      "Confidence": 0.183
    }
  ]
}