{
  "source_pdf": "Patient_73d73936.pdf",
  "Extracted Prescription Data": {
    "Diagnosis": [
      "xj871"
    ],
    "Medications": [
      "amoxicillin"
    ],
    "Tests": [
      "cmp"
    ],
    "Visit Reason": [
      "flu symptoms"
    ]
  },
  "Insurance Policy Impact": [
    {
      "Clinical Context Used": "flu symptoms cmp amoxicillin xj871",
      "Matched Specialty": "gastroenterology",
      "Policy Impact": {
        "max_claim_limit": "40,000",
        "exclusions": [
          "dietary supplements",
          "detox programs"
        ]
      },
      "Confidence": 0.122
    }
  ]
}