{
  "source_pdf": "Patient_462fe068.pdf",
  "Extracted Prescription Data": {
    "Diagnosis": [
      "",
      "sz590"
    ],
    "Medications": [
      "albuterol inhaler",
      "prednisolone"
    ],
    "Tests": [
      "influenza test",
      "vision screen"
    ],
    "Visit Reason": [
      "cough",
      "rash"
    ]
  },
  "Insurance Policy Impact": [
    {
      "Clinical Context Used": "cough rash influenza test vision screen albuterol inhaler prednisolone sz590",
      "Matched Specialty": "general practice",
      "Policy Impact": {
        "max_claim_limit": null,
        "exclusions": [
          "not available"
        ]
      },
      "Confidence": 0.108
    }
  ]
}