{
  "source_pdf": "Patient_7805e2b6.pdf",
  "Extracted Prescription Data": {
    "Diagnosis": [
      "od772"
    ],
    "Medications": [
      "azithromycin",
      "ceftriaxone"
    ],
    "Tests": [
      "influenza test"
    ],
    "Visit Reason": [
      "fever"
    ]
  },
  "Insurance Policy Impact": [
    {
      "Clinical Context Used": "fever influenza test azithromycin ceftriaxone od772",
      "Matched Specialty": "pediatrics",
      "Policy Impact": {
        "max_claim_limit": "25,000",
        "exclusions": [
          "growth hormones (cosmetic)",
          "developmental therapy"
        ]
      },
      "Confidence": 0.093
    }
  ]
}