{
  "source_pdf": "Patient_9009e44f.pdf",
  "Extracted Prescription Data": {
    "Diagnosis": [
      "uq963"
    ],
    "Medications": [
      "cyclobenzaprine",
      "meloxicam"
    ],
    "Tests": [
      "arthroscopy",
      "ct scan"
    ],
    "Visit Reason": [
      "hip pain"
    ]
  },
  "Insurance Policy Impact": [
    {
      "Clinical Context Used": "hip pain arthroscopy ct scan cyclobenzaprine meloxicam uq963",
      "Matched Specialty": "orthopedics",
      "Policy Impact": {
        "max_claim_limit": "35,000",
        "exclusions": [
          "sports injuries (pro)",
          "massage therapy"
        ]
      },
      "Confidence": 0.307
    }
  ]
}