{
  "source_pdf": "Patient_845210dd.pdf",
  "Extracted Prescription Data": {
    "Diagnosis": [
      "mb355"
    ],
    "Medications": [
      "donepezil"
    ],
    "Tests": [
      "cognitive\nassessment",
      "lumbar puncture"
    ],
    "Visit Reason": [
      "tremors"
    ]
  },
  "Insurance Policy Impact": [
    {
      "Clinical Context Used": "tremors cognitive\nassessment lumbar puncture donepezil mb355",
      "Matched Specialty": "neurology",
      "Policy Impact": {
        "max_claim_limit": "60,000",
        "exclusions": [
          "biofeedback",
          "experimental neurostim"
        ]
      },
      "Confidence": 0.288
    }
  ]
}