{
  "source_pdf": "Patient_1df685d9.pdf",
  "Extracted Prescription Data": {
    "Diagnosis": [
      "pu352"
    ],
    "Medications": [
      "sertraline"
    ],
    "Tests": [
      "cbc",
      "urinalysis"
    ],
    "Visit Reason": [
      "flu symptoms"
    ]
  },
  "Insurance Policy Impact": [
    {
      "Clinical Context Used": "flu symptoms cbc urinalysis sertraline pu352",
      "Matched Specialty": "neurology",
      "Policy Impact": {
        "max_claim_limit": "60,000",
        "exclusions": [
          "biofeedback",
          "experimental neurostim"
        ]
      },
      "Confidence": 0.2
    }
  ]
}