{
  "source_pdf": "Patient_dea17f9b.pdf",
  "Extracted Prescription Data": {
    "Diagnosis": [
      "rl922"
    ],
    "Medications": [
      "metformin"
    ],
    "Tests": [
      "tsh"
    ],
    "Visit Reason": [
      "fatigue"
    ]
  },
  "Insurance Policy Impact": [
    {
      "Clinical Context Used": "fatigue tsh metformin rl922",
      "Matched Specialty": "gastroenterology",
      "Policy Impact": {
        "max_claim_limit": "40,000",
        "exclusions": [
          "dietary supplements",
          "detox programs"
        ]
      },
      "Confidence": 0.212
    }
  ]
}