{
  "source_pdf": "Patient_1c61276f.pdf",
  "Extracted Prescription Data": {
    "Diagnosis": [
      "dc906"
    ],
    "Medications": [
      "albuterol inhaler"
    ],
    "Tests": [
      "rsv test"
    ],
    "Visit Reason": [
      "vaccination"
    ]
  },
  "Insurance Policy Impact": [
    {
      "Clinical Context Used": "vaccination rsv test albuterol inhaler dc906",
      "Matched Specialty": "cardiology",
      "Policy Impact": {
        "max_claim_limit": "50,000",
        "exclusions": [
          "cosmetic surgery",
          "experimental valve"
        ]
      },
      "Confidence": 0.147
    }
  ]
}