{
  "source_pdf": "Patient_46d3b8e3.pdf",
  "Extracted Prescription Data": {
    "Diagnosis": [
      "ky541"
    ],
    "Medications": [
      "donepezil"
    ],
    "Tests": [
      "mri brain"
    ],
    "Visit Reason": [
      "migraine"
    ]
  },
  "Insurance Policy Impact": [
    {
      "Clinical Context Used": "migraine mri brain donepezil ky541",
      "Matched Specialty": "neurology",
      "Policy Impact": {
        "max_claim_limit": "60,000",
        "exclusions": [
          "biofeedback",
          "experimental neurostim"
        ]
      },
      "Confidence": 0.312
    }
  ]
}