{
  "source_pdf": "Patient_58e9b6dc.pdf",
  "Extracted Prescription Data": {
    "Diagnosis": [
      "ci866"
    ],
    "Medications": [
      "ceftriaxone"
    ],
    "Tests": [
      "influenza test",
      "rsv test"
    ],
    "Visit Reason": [
      "stomach pain"
    ]
  },
  "Insurance Policy Impact": [
    {
      "Clinical Context Used": "stomach pain influenza test rsv test ceftriaxone ci866",
      "Matched Specialty": "gastroenterology",
      "Policy Impact": {
        "max_claim_limit": "40,000",
        "exclusions": [
          "dietary supplements",
          "detox programs"
        ]
      },
      "Confidence": 0.224
    }
  ]
}