{
  "source_pdf": "Patient_c4d7843d.pdf",
  "Extracted Prescription Data": {
    "Diagnosis": [
      "og405"
    ],
    "Medications": [
      "celecoxib",
      "ibuprofen"
    ],
    "Tests": [
      "bone density scan",
      "ct scan"
    ],
    "Visit Reason": [
      "joint stiffness"
    ]
  },
  "Insurance Policy Impact": [
    {
      "Clinical Context Used": "joint stiffness bone density scan ct scan celecoxib ibuprofen og405",
      "Matched Specialty": "orthopedics",
      "Policy Impact": {
        "max_claim_limit": "35,000",
        "exclusions": [
          "sports injuries (pro)",
          "massage therapy"
        ]
      },
      "Confidence": 0.301
    }
  ]
}