{
  "source_pdf": "Patient_23190c9d.pdf",
  "Extracted Prescription Data": {
    "Diagnosis": [
      "vy109"
    ],
    "Medications": [
      "donepezil",
      "lamotrigine"
    ],
    "Tests": [
      "ct head"
    ],
    "Visit Reason": [
      "chronic headaches"
    ]
  },
  "Insurance Policy Impact": [
    {
      "Clinical Context Used": "chronic headaches ct head donepezil lamotrigine vy109",
      "Matched Specialty": "neurology",
      "Policy Impact": {
        "max_claim_limit": "60,000",
        "exclusions": [
          "biofeedback",
          "experimental neurostim"
        ]
      },
      "Confidence": 0.249
    }
  ]
}