{
  "source_pdf": "Patient_5aca3b2a.pdf",
  "Extracted Prescription Data": {
    "Diagnosis": [
      "ad724"
    ],
    "Medications": [
      "hydrocodone",
      "ibuprofen"
    ],
    "Tests": [
      "ct scan",
      "x-ray"
    ],
    "Visit Reason": [
      "shoulder pain"
    ]
  },
  "Insurance Policy Impact": [
    {
      "Clinical Context Used": "shoulder pain ct scan x-ray hydrocodone ibuprofen ad724",
      "Matched Specialty": "orthopedics",
      "Policy Impact": {
        "max_claim_limit": "35,000",
        "exclusions": [
          "sports injuries (pro)",
          "massage therapy"
        ]
      },
      "Confidence": 0.252
    }
  ]
}