{
  "source_pdf": "Patient_1f7eaa30.pdf",
  "Extracted Prescription Data": {
    "Diagnosis": [
      "mz345"
    ],
    "Medications": [
      "ibuprofen"
    ],
    "Tests": [
      "urinalysis"
    ],
    "Visit Reason": [
      "fatigue"
    ]
  },
  "Insurance Policy Impact": [
    {
      "Clinical Context Used": "fatigue urinalysis ibuprofen mz345",
      "Matched Specialty": "orthopedics",
      "Policy Impact": {
        "max_claim_limit": "35,000",
        "exclusions": [
          "sports injuries (pro)",
          "massage therapy"
        ]
      },
      "Confidence": 0.28
    }
  ]
}