{
  "source_pdf": "Patient_0660a1ac.pdf",
  "Extracted Prescription Data": {
    "Diagnosis": [
      "fx853"
    ],
    "Medications": [
      "naproxen",
      "tramadol"
    ],
    "Tests": [
      "mri"
    ],
    "Visit Reason": [
      "back pain"
    ]
  },
  "Insurance Policy Impact": [
    {
      "Clinical Context Used": "back pain mri naproxen tramadol fx853",
      "Matched Specialty": "orthopedics",
      "Policy Impact": {
        "max_claim_limit": "35,000",
        "exclusions": [
          "sports injuries (pro)",
          "massage therapy"
        ]
      },
      "Confidence": 0.32
    }
  ]
}