{
  "source_pdf": "Patient_a661ddab.pdf",
  "Extracted Prescription Data": {
    "Diagnosis": [
      "ht242"
    ],
    "Medications": [
      "sertraline"
    ],
    "Tests": [
      "hba1c"
    ],
    "Visit Reason": [
      "fatigue"
    ]
  },
  "Insurance Policy Impact": [
    {
      "Clinical Context Used": "fatigue hba1c sertraline ht242",
      "Matched Specialty": "neurology",
      "Policy Impact": {
        "max_claim_limit": "60,000",
        "exclusions": [
          "biofeedback",
          "experimental neurostim"
        ]
      },
      "Confidence": 0.274
    }
  ]
}