{
  "source_pdf": "Patient_0b9fa9bd.pdf",
  "Extracted Prescription Data": {
    "Diagnosis": [
      "wo400"
    ],
    "Medications": [
      "omeprazole"
    ],
    "Tests": [
      "tsh",
      "vitamin d level"
    ],
    "Visit Reason": [
      "allergy"
    ]
  },
  "Insurance Policy Impact": [
    {
      "Clinical Context Used": "allergy tsh vitamin d level omeprazole wo400",
      "Matched Specialty": "gastroenterology",
      "Policy Impact": {
        "max_claim_limit": "40,000",
        "exclusions": [
          "dietary supplements",
          "detox programs"
        ]
      },
      "Confidence": 0.226
    }
  ]
}