{
  "source_pdf": "Patient_0d4496e5.pdf",
  "Extracted Prescription Data": {
    "Diagnosis": [
      "nn047"
    ],
    "Medications": [
      "lisinopril"
    ],
    "Tests": [
      "cmp",
      "lipid panel"
    ],
    "Visit Reason": [
      "back pain"
    ]
  },
  "Insurance Policy Impact": [
    {
      "Clinical Context Used": "back pain cmp lipid panel lisinopril nn047",
      "Matched Specialty": "cardiology",
      "Policy Impact": {
        "max_claim_limit": "50,000",
        "exclusions": [
          "cosmetic surgery",
          "experimental valve"
        ]
      },
      "Confidence": 0.277
    }
  ]
}