{
  "source_pdf": "Patient_5d4c7f47.pdf",
  "Extracted Prescription Data": {
    "Diagnosis": [
      "cv417"
    ],
    "Medications": [
      "lisinopril"
    ],
    "Tests": [
      "lipid panel"
    ],
    "Visit Reason": [
      "palpitations"
    ]
  },
  "Insurance Policy Impact": [
    {
      "Clinical Context Used": "palpitations lipid panel lisinopril cv417",
      "Matched Specialty": "cardiology",
      "Policy Impact": {
        "max_claim_limit": "50,000",
        "exclusions": [
          "cosmetic surgery",
          "experimental valve"
        ]
      },
      "Confidence": 0.271
    }
  ]
}