{
  "source_pdf": "Patient_26ee969a.pdf",
  "Extracted Prescription Data": {
    "Diagnosis": [
      "gy319"
    ],
    "Medications": [
      "cyclobenzaprine",
      "tramadol"
    ],
    "Tests": [
      "bone density scan",
      "mri"
    ],
    "Visit Reason": [
      "knee pain"
    ]
  },
  "Insurance Policy Impact": [
    {
      "Clinical Context Used": "knee pain bone density scan mri cyclobenzaprine tramadol gy319",
      "Matched Specialty": "orthopedics",
      "Policy Impact": {
        "max_claim_limit": "35,000",
        "exclusions": [
          "sports injuries (pro)",
          "massage therapy"
        ]
      },
      "Confidence": 0.331
    }
  ]
}