{
  "source_pdf": "Patient_bdb609d3.pdf",
  "Extracted Prescription Data": {
    "Diagnosis": [
      "zc252"
    ],
    "Medications": [
      "albuterol inhaler"
    ],
    "Tests": [
      "cbc"
    ],
    "Visit Reason": [
      "annual checkup"
    ]
  },
  "Insurance Policy Impact": [
    {
      "Clinical Context Used": "annual checkup cbc albuterol inhaler zc252",
      "Matched Specialty": "gastroenterology",
      "Policy Impact": {
        "max_claim_limit": "40,000",
        "exclusions": [
          "dietary supplements",
          "detox programs"
        ]
      },
      "Confidence": 0.197
    }
  ]
}