{
  "source_pdf": "Patient_bb3d4609.pdf",
  "Extracted Prescription Data": {
    "Diagnosis": [
      "lo611"
    ],
    "Medications": [
      "warfarin"
    ],
    "Tests": [
      "stress test"
    ],
    "Visit Reason": [
      "palpitations"
    ]
  },
  "Insurance Policy Impact": [
    {
      "Clinical Context Used": "palpitations stress test warfarin lo611",
      "Matched Specialty": "cardiology",
      "Policy Impact": {
        "max_claim_limit": "50,000",
        "exclusions": [
          "cosmetic surgery",
          "experimental valve"
        ]
      },
      "Confidence": 0.182
    }
  ]
}