{
  "source_pdf": "Patient_a51a7bcd.pdf",
  "Extracted Prescription Data": {
    "Diagnosis": [
      "er376"
    ],
    "Medications": [
      "hydrocodone"
    ],
    "Tests": [
      "arthroscopy"
    ],
    "Visit Reason": [
      "hip pain"
    ]
  },
  "Insurance Policy Impact": [
    {
      "Clinical Context Used": "hip pain arthroscopy hydrocodone er376",
      "Matched Specialty": "orthopedics",
      "Policy Impact": {
        "max_claim_limit": "35,000",
        "exclusions": [
          "sports injuries (pro)",
          "massage therapy"
        ]
      },
      "Confidence": 0.307
    }
  ]
}