{
  "source_pdf": "Patient_1b587ece.pdf",
  "Extracted Prescription Data": {
    "Diagnosis": [
      "ka760"
    ],
    "Medications": [
      "acetaminophen",
      "azithromycin"
    ],
    "Tests": [
      "cbc",
      "strep test"
    ],
    "Visit Reason": [
      "sore throat"
    ]
  },
  "Insurance Policy Impact": [
    {
      "Clinical Context Used": "sore throat cbc strep test acetaminophen azithromycin ka760",
      "Matched Specialty": "gastroenterology",
      "Policy Impact": {
        "max_claim_limit": "40,000",
        "exclusions": [
          "dietary supplements",
          "detox programs"
        ]
      },
      "Confidence": 0.153
    }
  ]
}