{
  "source_pdf": "Patient_12f6b58c.pdf",
  "Extracted Prescription Data": {
    "Diagnosis": [
      "ib887"
    ],
    "Medications": [
      "lisinopril"
    ],
    "Tests": [
      "lipid panel"
    ],
    "Visit Reason": [
      "abdominal pain"
    ]
  },
  "Insurance Policy Impact": [
    {
      "Clinical Context Used": "abdominal pain lipid panel lisinopril ib887",
      "Matched Specialty": "cardiology",
      "Policy Impact": {
        "max_claim_limit": "50,000",
        "exclusions": [
          "cosmetic surgery",
          "experimental valve"
        ]
      },
      "Confidence": 0.245
    }
  ]
}