{
  "source_pdf": "Patient_5a7431e3.pdf",
  "Extracted Prescription Data": {
    "Diagnosis": [
      "qy740"
    ],
    "Medications": [
      "levothyroxine",
      "omeprazole"
    ],
    "Tests": [
      "cmp"
    ],
    "Visit Reason": [
      "diabetes manageme\nnt"
    ]
  },
  "Insurance Policy Impact": [
    {
      "Clinical Context Used": "diabetes manageme\nnt cmp levothyroxine omeprazole qy740",
      "Matched Specialty": "gastroenterology",
      "Policy Impact": {
        "max_claim_limit": "40,000",
        "exclusions": [
          "dietary supplements",
          "detox programs"
        ]
      },
      "Confidence": 0.283
    }
  ]
}