{
  "source_pdf": "Patient_13858e25.pdf",
  "Extracted Prescription Data": {
    "Diagnosis": [
      "mj941"
    ],
    "Medications": [
      "amlodipine"
    ],
    "Tests": [
      "cardiac ct",
      "lipid panel"
    ],
    "Visit Reason": [
      "palpitations"
    ]
  },
  "Insurance Policy Impact": [
    {
      "Clinical Context Used": "palpitations cardiac ct lipid panel amlodipine mj941",
      "Matched Specialty": "cardiology",
      "Policy Impact": {
        "max_claim_limit": "50,000",
        "exclusions": [
          "cosmetic surgery",
          "experimental valve"
        ]
      },
      "Confidence": 0.333
    }
  ]
}