{
  "source_pdf": "Patient_df0d4d72.pdf",
  "Extracted Prescription Data": {
    "Diagnosis": [
      "xx586"
    ],
    "Medications": [
      "cyclobenzaprine"
    ],
    "Tests": [
      "ct scan",
      "x-ray"
    ],
    "Visit Reason": [
      "hip pain"
    ]
  },
  "Insurance Policy Impact": [
    {
      "Clinical Context Used": "hip pain ct scan x-ray cyclobenzaprine xx586",
      "Matched Specialty": "orthopedics",
      "Policy Impact": {
        "max_claim_limit": "35,000",
        "exclusions": [
          "sports injuries (pro)",
          "massage therapy"
        ]
      },
      "Confidence": 0.313
    }
  ]
}