{
  "source_pdf": "Patient_9f5d2e2a.pdf",
  "Extracted Prescription Data": {
    "Diagnosis": [
      "xn197"
    ],
    "Medications": [
      "nitroglycerin"
    ],
    "Tests": [
      "cardiac ct",
      "troponin test"
    ],
    "Visit Reason": [
      "hypertension"
    ]
  },
  "Insurance Policy Impact": [
    {
      "Clinical Context Used": "hypertension cardiac ct troponin test nitroglycerin xn197",
      "Matched Specialty": "cardiology",
      "Policy Impact": {
        "max_claim_limit": "50,000",
        "exclusions": [
          "cosmetic surgery",
          "experimental valve"
        ]
      },
      "Confidence": 0.245
    }
  ]
}