{
  "source_pdf": "Patient_c5a6e0b3.pdf",
  "Extracted Prescription Data": {
    "Diagnosis": [
      "lu596"
    ],
    "Medications": [
      "meloxicam",
      "naproxen"
    ],
    "Tests": [
      "arthroscopy"
    ],
    "Visit Reason": [
      "fracture follow-up"
    ]
  },
  "Insurance Policy Impact": [
    {
      "Clinical Context Used": "fracture follow-up arthroscopy meloxicam naproxen lu596",
      "Matched Specialty": "orthopedics",
      "Policy Impact": {
        "max_claim_limit": "35,000",
        "exclusions": [
          "sports injuries (pro)",
          "massage therapy"
        ]
      },
      "Confidence": 0.239
    }
  ]
}