{
  "source_pdf": "Patient_fd907fef.pdf",
  "Extracted Prescription Data": {
    "Diagnosis": [
      "",
      "ml422"
    ],
    "Medications": [
      "albuterol inhaler",
      "amoxicillin",
      "ceftriaxone",
      "ibuprofen"
    ],
    "Tests": [
      "hearing test",
      "influenza test",
      "vision screen"
    ],
    "Visit Reason": [
      "fever",
      "rash",
      "vaccination"
    ]
  },
  "Insurance Policy Impact": [
    {
      "Clinical Context Used": "fever rash vaccination hearing test influenza test vision screen albuterol inhaler amoxicillin ceftriaxone ibuprofen ml422",
      "Matched Specialty": "orthopedics",
      "Policy Impact": {
        "max_claim_limit": "35,000",
        "exclusions": [
          "sports injuries (pro)",
          "massage therapy"
        ]
      },
      "Confidence": 0.116
    }
  ]
}