{
  "source_pdf": "Patient_ef793bdc.pdf",
  "Extracted Prescription Data": {
    "Diagnosis": [
      "qq757"
    ],
    "Medications": [
      "amoxicillin"
    ],
    "Tests": [
      "cbc"
    ],
    "Visit Reason": [
      "allergy"
    ]
  },
  "Insurance Policy Impact": [
    {
      "Clinical Context Used": "allergy cbc amoxicillin qq757",
      "Matched Specialty": "gastroenterology",
      "Policy Impact": {
        "max_claim_limit": "40,000",
        "exclusions": [
          "dietary supplements",
          "detox programs"
        ]
      },
      "Confidence": 0.168
    }
  ]
}