{
  "source_pdf": "Patient_95d04555.pdf",
  "Extracted Prescription Data": {
    "Diagnosis": [
      "mf494"
    ],
    "Medications": [
      "carbamazepine",
      "sumatriptan"
    ],
    "Tests": [
      "ct head",
      "eeg"
    ],
    "Visit Reason": [
      "seizure"
    ]
  },
  "Insurance Policy Impact": [
    {
      "Clinical Context Used": "seizure ct head eeg carbamazepine sumatriptan mf494",
      "Matched Specialty": "neurology",
      "Policy Impact": {
        "max_claim_limit": "60,000",
        "exclusions": [
          "biofeedback",
          "experimental neurostim"
        ]
      },
      "Confidence": 0.273
    }
  ]
}