{
  "source_pdf": "Patient_b852ee16.pdf",
  "Extracted Prescription Data": {
    "Diagnosis": [
      "fg044"
    ],
    "Medications": [
      "amoxicillin"
    ],
    "Tests": [
      "tsh"
    ],
    "Visit Reason": [
      "hypertension\nfollow-up"
    ]
  },
  "Insurance Policy Impact": [
    {
      "Clinical Context Used": "hypertension\nfollow-up tsh amoxicillin fg044",
      "Matched Specialty": "gastroenterology",
      "Policy Impact": {
        "max_claim_limit": "40,000",
        "exclusions": [
          "dietary supplements",
          "detox programs"
        ]
      },
      "Confidence": 0.147
    }
  ]
}