{
  "source_pdf": "Patient_59852ed4.pdf",
  "Extracted Prescription Data": {
    "Diagnosis": [
      "fz005"
    ],
    "Medications": [
      "sertraline"
    ],
    "Tests": [
      "cbc"
    ],
    "Visit Reason": [
      "routine checkup"
    ]
  },
  "Insurance Policy Impact": [
    {
      "Clinical Context Used": "routine checkup cbc sertraline fz005",
      "Matched Specialty": "neurology",
      "Policy Impact": {
        "max_claim_limit": "60,000",
        "exclusions": [
          "biofeedback",
          "experimental neurostim"
        ]
      },
      "Confidence": 0.239
    }
  ]
}