{
  "source_pdf": "Patient_d63f5118.pdf",
  "Extracted Prescription Data": {
    "Diagnosis": [
      "ju133"
    ],
    "Medications": [
      "ceftriaxone"
    ],
    "Tests": [
      "lead screening"
    ],
    "Visit Reason": [
      "ear infection"
    ]
  },
  "Insurance Policy Impact": [
    {
      "Clinical Context Used": "ear infection lead screening ceftriaxone ju133",
      "Matched Specialty": "oncology",
      "Policy Impact": {
        "max_claim_limit": "150,000",
        "exclusions": [
          "alternative medicine",
          "unproven stem cell"
        ]
      },
      "Confidence": 0.128
    }
  ]
}