{
  "source_pdf": "Patient_e524990f.pdf",
  "Extracted Prescription Data": {
    "Diagnosis": [
      "wz577"
    ],
    "Medications": [
      "azithromycin"
    ],
    "Tests": [
      "strep test"
    ],
    "Visit Reason": [
      "rash"
    ]
  },
  "Insurance Policy Impact": [
    {
      "Clinical Context Used": "rash strep test azithromycin wz577",
      "Matched Specialty": "gastroenterology",
      "Policy Impact": {
        "max_claim_limit": "40,000",
        "exclusions": [
          "dietary supplements",
          "detox programs"
        ]
      },
      "Confidence": 0.144
    }
  ]
}