{
  "source_pdf": "Patient_bcc9c56d.pdf",
  "Extracted Prescription Data": {
    "Diagnosis": [
      "lf499"
    ],
    "Medications": [
      "lamotrigine"
    ],
    "Tests": [
      "mri brain"
    ],
    "Visit Reason": [
      "tingling"
    ]
  },
  "Insurance Policy Impact": [
    {
      "Clinical Context Used": "tingling mri brain lamotrigine lf499",
      "Matched Specialty": "neurology",
      "Policy Impact": {
        "max_claim_limit": "60,000",
        "exclusions": [
          "biofeedback",
          "experimental neurostim"
        ]
      },
      "Confidence": 0.362
    }
  ]
}