{
  "source_pdf": "Patient_5c5d2ed2.pdf",
  "Extracted Prescription Data": {
    "Diagnosis": [
      "yx309"
    ],
    "Medications": [
      "metformin"
    ],
    "Tests": [
      "cmp"
    ],
    "Visit Reason": [
      "infection"
    ]
  },
  "Insurance Policy Impact": [
    {
      "Clinical Context Used": "infection cmp metformin yx309",
      "Matched Specialty": "gastroenterology",
      "Policy Impact": {
        "max_claim_limit": "40,000",
        "exclusions": [
          "dietary supplements",
          "detox programs"
        ]
      },
      "Confidence": 0.21
    }
  ]
}