{
  "source_pdf": "Patient_e6b61f0c.pdf",
  "Extracted Prescription Data": {
    "Diagnosis": [
      "jy422"
    ],
    "Medications": [
      "ibuprofen",
      "metformin"
    ],
    "Tests": [
      "vitamin d level"
    ],
    "Visit Reason": [
      "diabetes manageme\nnt"
    ]
  },
  "Insurance Policy Impact": [
    {
      "Clinical Context Used": "diabetes manageme\nnt vitamin d level ibuprofen metformin jy422",
      "Matched Specialty": "gastroenterology",
      "Policy Impact": {
        "max_claim_limit": "40,000",
        "exclusions": [
          "dietary supplements",
          "detox programs"
        ]
      },
      "Confidence": 0.243
    }
  ]
}