{
  "source_pdf": "Patient_75c96969.pdf",
  "Extracted Prescription Data": {
    "Diagnosis": [
      "ui023"
    ],
    "Medications": [
      "ibuprofen"
    ],
    "Tests": [
      "ct scan",
      "mri"
    ],
    "Visit Reason": [
      "arthritis"
    ]
  },
  "Insurance Policy Impact": [
    {
      "Clinical Context Used": "arthritis ct scan mri ibuprofen ui023",
      "Matched Specialty": "orthopedics",
      "Policy Impact": {
        "max_claim_limit": "35,000",
        "exclusions": [
          "sports injuries (pro)",
          "massage therapy"
        ]
      },
      "Confidence": 0.3
    }
  ]
}