{
  "source_pdf": "Patient_7afc039b.pdf",
  "Extracted Prescription Data": {
    "Diagnosis": [
      "yf241"
    ],
    "Medications": [
      "meloxicam"
    ],
    "Tests": [
      "x-ray"
    ],
    "Visit Reason": [
      "knee pain"
    ]
  },
  "Insurance Policy Impact": [
    {
      "Clinical Context Used": "knee pain x-ray meloxicam yf241",
      "Matched Specialty": "orthopedics",
      "Policy Impact": {
        "max_claim_limit": "35,000",
        "exclusions": [
          "sports injuries (pro)",
          "massage therapy"
        ]
      },
      "Confidence": 0.296
    }
  ]
}