{
  "source_pdf": "Patient_5755c75b.pdf",
  "Extracted Prescription Data": {
    "Diagnosis": [
      "vu584"
    ],
    "Medications": [
      "amlodipine"
    ],
    "Tests": [
      "echocardiogram",
      "stress test"
    ],
    "Visit Reason": [
      "hypertension"
    ]
  },
  "Insurance Policy Impact": [
    {
      "Clinical Context Used": "hypertension echocardiogram stress test amlodipine vu584",
      "Matched Specialty": "cardiology",
      "Policy Impact": {
        "max_claim_limit": "50,000",
        "exclusions": [
          "cosmetic surgery",
          "experimental valve"
        ]
      },
      "Confidence": 0.252
    }
  ]
}