{
  "source_pdf": "Patient_661414c4.pdf",
  "Extracted Prescription Data": {
    "Diagnosis": [
      "mj941"
    ],
    "Medications": [
      "lisinopril"
    ],
    "Tests": [
      "lipid panel"
    ],
    "Visit Reason": [
      "heart failure\ncheckup"
    ]
  },
  "Insurance Policy Impact": [
    {
      "Clinical Context Used": "heart failure\ncheckup lipid panel lisinopril mj941",
      "Matched Specialty": "cardiology",
      "Policy Impact": {
        "max_claim_limit": "50,000",
        "exclusions": [
          "cosmetic surgery",
          "experimental valve"
        ]
      },
      "Confidence": 0.322
    }
  ]
}