{
  "source_pdf": "Patient_e9eb5743.pdf",
  "Extracted Prescription Data": {
    "Diagnosis": [
      "le413"
    ],
    "Medications": [
      "ibuprofen"
    ],
    "Tests": [
      "x-ray"
    ],
    "Visit Reason": [
      "hip pain"
    ]
  },
  "Insurance Policy Impact": [
    {
      "Clinical Context Used": "hip pain x-ray ibuprofen le413",
      "Matched Specialty": "orthopedics",
      "Policy Impact": {
        "max_claim_limit": "35,000",
        "exclusions": [
          "sports injuries (pro)",
          "massage therapy"
        ]
      },
      "Confidence": 0.344
    }
  ]
}