{
  "source_pdf": "Patient_6d981d27.pdf",
  "Extracted Prescription Data": {
    "Diagnosis": [
      "gt034"
    ],
    "Medications": [
      "amlodipine"
    ],
    "Tests": [
      "holter monitor",
      "lipid panel"
    ],
    "Visit Reason": [
      "arrhythmia"
    ]
  },
  "Insurance Policy Impact": [
    {
      "Clinical Context Used": "arrhythmia holter monitor lipid panel amlodipine gt034",
      "Matched Specialty": "cardiology",
      "Policy Impact": {
        "max_claim_limit": "50,000",
        "exclusions": [
          "cosmetic surgery",
          "experimental valve"
        ]
      },
      "Confidence": 0.289
    }
  ]
}