{
  "source_pdf": "Patient_81246079.pdf",
  "Extracted Prescription Data": {
    "Diagnosis": [
      "fc410"
    ],
    "Medications": [
      "clopidogrel"
    ],
    "Tests": [
      "echocardiogram"
    ],
    "Visit Reason": [
      "hypertension"
    ]
  },
  "Insurance Policy Impact": [
    {
      "Clinical Context Used": "hypertension echocardiogram clopidogrel fc410",
      "Matched Specialty": "cardiology",
      "Policy Impact": {
        "max_claim_limit": "50,000",
        "exclusions": [
          "cosmetic surgery",
          "experimental valve"
        ]
      },
      "Confidence": 0.265
    }
  ]
}