{
  "source_pdf": "Patient_2de05777.pdf",
  "Extracted Prescription Data": {
    "Diagnosis": [
      "vh541"
    ],
    "Medications": [
      "ibuprofen"
    ],
    "Tests": [
      "cbc",
      "strep test"
    ],
    "Visit Reason": [
      "annual checkup"
    ]
  },
  "Insurance Policy Impact": [
    {
      "Clinical Context Used": "annual checkup cbc strep test ibuprofen vh541",
      "Matched Specialty": "gastroenterology",
      "Policy Impact": {
        "max_claim_limit": "40,000",
        "exclusions": [
          "dietary supplements",
          "detox programs"
        ]
      },
      "Confidence": 0.242
    }
  ]
}