{
  "source_pdf": "Patient_a48f22f1.pdf",
  "Extracted Prescription Data": {
    "Diagnosis": [
      "dr961"
    ],
    "Medications": [
      "ibuprofen"
    ],
    "Tests": [
      "cmp",
      "hba1c"
    ],
    "Visit Reason": [
      "flu symptoms"
    ]
  },
  "Insurance Policy Impact": [
    {
      "Clinical Context Used": "flu symptoms cmp hba1c ibuprofen dr961",
      "Matched Specialty": "neurology",
      "Policy Impact": {
        "max_claim_limit": "60,000",
        "exclusions": [
          "biofeedback",
          "experimental neurostim"
        ]
      },
      "Confidence": 0.184
    }
  ]
}