{
  "source_pdf": "Patient_c143d4f7.pdf",
  "Extracted Prescription Data": {
    "Diagnosis": [
      "kw596"
    ],
    "Medications": [
      "ceftriaxone"
    ],
    "Tests": [
      "hearing test",
      "vision screen"
    ],
    "Visit Reason": [
      "growth check"
    ]
  },
  "Insurance Policy Impact": [
    {
      "Clinical Context Used": "growth check hearing test vision screen ceftriaxone kw596",
      "Matched Specialty": "pediatrics",
      "Policy Impact": {
        "max_claim_limit": "25,000",
        "exclusions": [
          "growth hormones (cosmetic)",
          "developmental therapy"
        ]
      },
      "Confidence": 0.24
    }
  ]
}