{
  "source_pdf": "Patient_1cffc55c.pdf",
  "Extracted Prescription Data": {
    "Diagnosis": [
      "ln837"
    ],
    "Medications": [
      "ibuprofen"
    ],
    "Tests": [
      "arthroscopy"
    ],
    "Visit Reason": [
      "joint stiffness"
    ]
  },
  "Insurance Policy Impact": [
    {
      "Clinical Context Used": "joint stiffness arthroscopy ibuprofen ln837",
      "Matched Specialty": "orthopedics",
      "Policy Impact": {
        "max_claim_limit": "35,000",
        "exclusions": [
          "sports injuries (pro)",
          "massage therapy"
        ]
      },
      "Confidence": 0.354
    }
  ]
}