{
  "source_pdf": "Patient_a19a125c.pdf",
  "Extracted Prescription Data": {
    "Diagnosis": [
      "me231"
    ],
    "Medications": [
      "levetiracetam",
      "sumatriptan"
    ],
    "Tests": [
      "ct head"
    ],
    "Visit Reason": [
      "tremors"
    ]
  },
  "Insurance Policy Impact": [
    {
      "Clinical Context Used": "tremors ct head levetiracetam sumatriptan me231",
      "Matched Specialty": "neurology",
      "Policy Impact": {
        "max_claim_limit": "60,000",
        "exclusions": [
          "biofeedback",
          "experimental neurostim"
        ]
      },
      "Confidence": 0.189
    }
  ]
}