{
  "source_pdf": "Patient_b3adb52f.pdf",
  "Extracted Prescription Data": {
    "Diagnosis": [
      "yo375"
    ],
    "Medications": [
      "prednisolone"
    ],
    "Tests": [
      "cbc",
      "rsv test"
    ],
    "Visit Reason": [
      "rash"
    ]
  },
  "Insurance Policy Impact": [
    {
      "Clinical Context Used": "rash cbc rsv test prednisolone yo375",
      "Matched Specialty": "pediatrics",
      "Policy Impact": {
        "max_claim_limit": "25,000",
        "exclusions": [
          "growth hormones (cosmetic)",
          "developmental therapy"
        ]
      },
      "Confidence": 0.099
    }
  ]
}