{
  "source_pdf": "Patient_318d8de5.pdf",
  "Extracted Prescription Data": {
    "Diagnosis": [
      "jg596"
    ],
    "Medications": [
      "cyclobenzaprine"
    ],
    "Tests": [
      "ct scan",
      "x-ray"
    ],
    "Visit Reason": [
      "shoulder pain"
    ]
  },
  "Insurance Policy Impact": [
    {
      "Clinical Context Used": "shoulder pain ct scan x-ray cyclobenzaprine jg596",
      "Matched Specialty": "orthopedics",
      "Policy Impact": {
        "max_claim_limit": "35,000",
        "exclusions": [
          "sports injuries (pro)",
          "massage therapy"
        ]
      },
      "Confidence": 0.307
    }
  ]
}