{
  "source_pdf": "Patient_04dd29af.pdf",
  "Extracted Prescription Data": {
    "Diagnosis": [
      "db892"
    ],
    "Medications": [
      "clopidogrel"
    ],
    "Tests": [
      "cardiac ct",
      "ecg"
    ],
    "Visit Reason": [
      "shortness of breath"
    ]
  },
  "Insurance Policy Impact": [
    {
      "Clinical Context Used": "shortness of breath cardiac ct ecg clopidogrel db892",
      "Matched Specialty": "cardiology",
      "Policy Impact": {
        "max_claim_limit": "50,000",
        "exclusions": [
          "cosmetic surgery",
          "experimental valve"
        ]
      },
      "Confidence": 0.274
    }
  ]
}