{
  "source_pdf": "Patient_1145da7a.pdf",
  "Extracted Prescription Data": {
    "Diagnosis": [
      "gj493"
    ],
    "Medications": [
      "azithromycin"
    ],
    "Tests": [
      "lead screening",
      "strep test"
    ],
    "Visit Reason": [
      "cough"
    ]
  },
  "Insurance Policy Impact": [
    {
      "Clinical Context Used": "cough lead screening strep test azithromycin gj493",
      "Matched Specialty": "general practice",
      "Policy Impact": {
        "max_claim_limit": null,
        "exclusions": [
          "not available"
        ]
      },
      "Confidence": 0.183
    }
  ]
}