{
  "source_pdf": "Patient_a46b4c0b.pdf",
  "Extracted Prescription Data": {
    "Diagnosis": [
      "lk335"
    ],
    "Medications": [
      "sumatriptan"
    ],
    "Tests": [
      "cognitive assessment"
    ],
    "Visit Reason": [
      "seizure"
    ]
  },
  "Insurance Policy Impact": [
    {
      "Clinical Context Used": "seizure cognitive assessment sumatriptan lk335",
      "Matched Specialty": "neurology",
      "Policy Impact": {
        "max_claim_limit": "60,000",
        "exclusions": [
          "biofeedback",
          "experimental neurostim"
        ]
      },
      "Confidence": 0.236
    }
  ]
}