{
  "source_pdf": "Patient_b2645542.pdf",
  "Extracted Prescription Data": {
    "Diagnosis": [
      "wo037"
    ],
    "Medications": [
      "omeprazole"
    ],
    "Tests": [
      "hba1c",
      "lipid panel"
    ],
    "Visit Reason": [
      "abdominal pain"
    ]
  },
  "Insurance Policy Impact": [
    {
      "Clinical Context Used": "abdominal pain hba1c lipid panel omeprazole wo037",
      "Matched Specialty": "gastroenterology",
      "Policy Impact": {
        "max_claim_limit": "40,000",
        "exclusions": [
          "dietary supplements",
          "detox programs"
        ]
      },
      "Confidence": 0.211
    }
  ]
}