{
  "source_pdf": "Patient_5a2f805f.pdf",
  "Extracted Prescription Data": {
    "Diagnosis": [
      "ig805"
    ],
    "Medications": [
      "nitroglycerin"
    ],
    "Tests": [
      "stress test"
    ],
    "Visit Reason": [
      "angina"
    ]
  },
  "Insurance Policy Impact": [
    {
      "Clinical Context Used": "angina stress test nitroglycerin ig805",
      "Matched Specialty": "cardiology",
      "Policy Impact": {
        "max_claim_limit": "50,000",
        "exclusions": [
          "cosmetic surgery",
          "experimental valve"
        ]
      },
      "Confidence": 0.241
    }
  ]
}