{
  "source_pdf": "Patient_1d3e98e8.pdf",
  "Extracted Prescription Data": {
    "Diagnosis": [
      "je102"
    ],
    "Medications": [
      "albuterol inhaler",
      "ibuprofen"
    ],
    "Tests": [
      "influenza test",
      "vision screen"
    ],
    "Visit Reason": [
      "growth check"
    ]
  },
  "Insurance Policy Impact": [
    {
      "Clinical Context Used": "growth check influenza test vision screen albuterol inhaler ibuprofen je102",
      "Matched Specialty": "pediatrics",
      "Policy Impact": {
        "max_claim_limit": "25,000",
        "exclusions": [
          "growth hormones (cosmetic)",
          "developmental therapy"
        ]
      },
      "Confidence": 0.325
    }
  ]
}