{
  "source_pdf": "Patient_eb68f6ac.pdf",
  "Extracted Prescription Data": {
    "Diagnosis": [
      "qw375"
    ],
    "Medications": [
      "acetaminophen"
    ],
    "Tests": [
      "lead screening"
    ],
    "Visit Reason": [
      "stomach pain"
    ]
  },
  "Insurance Policy Impact": [
    {
      "Clinical Context Used": "stomach pain lead screening acetaminophen qw375",
      "Matched Specialty": "gastroenterology",
      "Policy Impact": {
        "max_claim_limit": "40,000",
        "exclusions": [
          "dietary supplements",
          "detox programs"
        ]
      },
      "Confidence": 0.318
    }
  ]
}