{
  "source_pdf": "Patient_18e2da63.pdf",
  "Extracted Prescription Data": {
    "Diagnosis": [
      "tk486"
    ],
    "Medications": [
      "clopidogrel"
    ],
    "Tests": [
      "troponin test"
    ],
    "Visit Reason": [
      "shortness of breath"
    ]
  },
  "Insurance Policy Impact": [
    {
      "Clinical Context Used": "shortness of breath troponin test clopidogrel tk486",
      "Matched Specialty": "gastroenterology",
      "Policy Impact": {
        "max_claim_limit": "40,000",
        "exclusions": [
          "dietary supplements",
          "detox programs"
        ]
      },
      "Confidence": 0.17
    }
  ]
}