{
  "source_pdf": "Patient_1c092d20.pdf",
  "Extracted Prescription Data": {
    "Diagnosis": [
      "gh642"
    ],
    "Medications": [
      "omeprazole",
      "simvastatin"
    ],
    "Tests": [
      "cmp"
    ],
    "Visit Reason": [
      "abdominal pain"
    ]
  },
  "Insurance Policy Impact": [
    {
      "Clinical Context Used": "abdominal pain cmp omeprazole simvastatin gh642",
      "Matched Specialty": "gastroenterology",
      "Policy Impact": {
        "max_claim_limit": "40,000",
        "exclusions": [
          "dietary supplements",
          "detox programs"
        ]
      },
      "Confidence": 0.256
    }
  ]
}