{
  "source_pdf": "Patient_ad9c197f.pdf",
  "Extracted Prescription Data": {
    "Diagnosis": [
      "cb064"
    ],
    "Medications": [
      "meloxicam"
    ],
    "Tests": [
      "ct scan"
    ],
    "Visit Reason": [
      "back pain"
    ]
  },
  "Insurance Policy Impact": [
    {
      "Clinical Context Used": "back pain ct scan meloxicam cb064",
      "Matched Specialty": "neurology",
      "Policy Impact": {
        "max_claim_limit": "60,000",
        "exclusions": [
          "biofeedback",
          "experimental neurostim"
        ]
      },
      "Confidence": 0.22
    }
  ]
}