{
  "source_pdf": "Patient_1c253593.pdf",
  "Extracted Prescription Data": {
    "Diagnosis": [
      "no178"
    ],
    "Medications": [
      "omeprazole"
    ],
    "Tests": [
      "hba1c"
    ],
    "Visit Reason": [
      "diabetes manageme\nnt"
    ]
  },
  "Insurance Policy Impact": [
    {
      "Clinical Context Used": "diabetes manageme\nnt hba1c omeprazole no178",
      "Matched Specialty": "gastroenterology",
      "Policy Impact": {
        "max_claim_limit": "40,000",
        "exclusions": [
          "dietary supplements",
          "detox programs"
        ]
      },
      "Confidence": 0.24
    }
  ]
}