{
  "source_pdf": "Patient_e0a374d7.pdf",
  "Extracted Prescription Data": {
    "Diagnosis": [
      "jx130"
    ],
    "Medications": [
      "lisinopril",
      "metoprolol"
    ],
    "Tests": [
      "lipid panel",
      "troponin test"
    ],
    "Visit Reason": [
      "chest pain"
    ]
  },
  "Insurance Policy Impact": [
    {
      "Clinical Context Used": "chest pain lipid panel troponin test lisinopril metoprolol jx130",
      "Matched Specialty": "cardiology",
      "Policy Impact": {
        "max_claim_limit": "50,000",
        "exclusions": [
          "cosmetic surgery",
          "experimental valve"
        ]
      },
      "Confidence": 0.303
    }
  ]
}