{
  "source_pdf": "Patient_a8d84a99.pdf",
  "Extracted Prescription Data": {
    "Diagnosis": [
      "hz262"
    ],
    "Medications": [
      "gabapentin"
    ],
    "Tests": [
      "emg"
    ],
    "Visit Reason": [
      "migraine"
    ]
  },
  "Insurance Policy Impact": [
    {
      "Clinical Context Used": "migraine emg gabapentin hz262",
      "Matched Specialty": "neurology",
      "Policy Impact": {
        "max_claim_limit": "60,000",
        "exclusions": [
          "biofeedback",
          "experimental neurostim"
        ]
      },
      "Confidence": 0.33
    }
  ]
}