{
  "source_pdf": "Patient_cc39a46d.pdf",
  "Extracted Prescription Data": {
    "Diagnosis": [
      "ls882"
    ],
    "Medications": [
      "cyclobenzaprine",
      "naproxen"
    ],
    "Tests": [
      "ct scan"
    ],
    "Visit Reason": [
      "hip pain"
    ]
  },
  "Insurance Policy Impact": [
    {
      "Clinical Context Used": "hip pain ct scan cyclobenzaprine naproxen ls882",
      "Matched Specialty": "orthopedics",
      "Policy Impact": {
        "max_claim_limit": "35,000",
        "exclusions": [
          "sports injuries (pro)",
          "massage therapy"
        ]
      },
      "Confidence": 0.311
    }
  ]
}