{
  "source_pdf": "Patient_3e124b44.pdf",
  "Extracted Prescription Data": {
    "Diagnosis": [
      "hw478"
    ],
    "Medications": [
      "metformin"
    ],
    "Tests": [
      "tsh"
    ],
    "Visit Reason": [
      "allergy"
    ]
  },
  "Insurance Policy Impact": [
    {
      "Clinical Context Used": "allergy tsh metformin hw478",
      "Matched Specialty": "gastroenterology",
      "Policy Impact": {
        "max_claim_limit": "40,000",
        "exclusions": [
          "dietary supplements",
          "detox programs"
        ]
      },
      "Confidence": 0.206
    }
  ]
}