{
  "source_pdf": "Patient_bf622819.pdf",
  "Extracted Prescription Data": {
    "Diagnosis": [
      "hu372"
    ],
    "Medications": [
      "amoxicillin"
    ],
    "Tests": [
      "cbc",
      "influenza test"
    ],
    "Visit Reason": [
      "annual checkup"
    ]
  },
  "Insurance Policy Impact": [
    {
      "Clinical Context Used": "annual checkup cbc influenza test amoxicillin hu372",
      "Matched Specialty": "gastroenterology",
      "Policy Impact": {
        "max_claim_limit": "40,000",
        "exclusions": [
          "dietary supplements",
          "detox programs"
        ]
      },
      "Confidence": 0.219
    }
  ]
}