{
  "source_pdf": "Patient_cc30b786.pdf",
  "Extracted Prescription Data": {
    "Diagnosis": [
      "hs055"
    ],
    "Medications": [
      "acetaminophen",
      "ibuprofen"
    ],
    "Tests": [
      "rsv test"
    ],
    "Visit Reason": [
      "sore throat"
    ]
  },
  "Insurance Policy Impact": [
    {
      "Clinical Context Used": "sore throat rsv test acetaminophen ibuprofen hs055",
      "Matched Specialty": "orthopedics",
      "Policy Impact": {
        "max_claim_limit": "35,000",
        "exclusions": [
          "sports injuries (pro)",
          "massage therapy"
        ]
      },
      "Confidence": 0.152
    }
  ]
}