{
  "source_pdf": "Patient_07abcfd4.pdf",
  "Extracted Prescription Data": {
    "Diagnosis": [
      "cw594"
    ],
    "Medications": [
      "atorvastatin"
    ],
    "Tests": [
      "ecg"
    ],
    "Visit Reason": [
      "shortness of breath"
    ]
  },
  "Insurance Policy Impact": [
    {
      "Clinical Context Used": "shortness of breath ecg atorvastatin cw594",
      "Matched Specialty": "cardiology",
      "Policy Impact": {
        "max_claim_limit": "50,000",
        "exclusions": [
          "cosmetic surgery",
          "experimental valve"
        ]
      },
      "Confidence": 0.196
    }
  ]
}