{
  "source_pdf": "Patient_629b2788.pdf",
  "Extracted Prescription Data": {
    "Diagnosis": [
      "ms764"
    ],
    "Medications": [
      "furosemide",
      "nitroglycerin"
    ],
    "Tests": [
      "holter monitor",
      "stress test"
    ],
    "Visit Reason": [
      "hypertension"
    ]
  },
  "Insurance Policy Impact": [
    {
      "Clinical Context Used": "hypertension holter monitor stress test furosemide nitroglycerin ms764",
      "Matched Specialty": "cardiology",
      "Policy Impact": {
        "max_claim_limit": "50,000",
        "exclusions": [
          "cosmetic surgery",
          "experimental valve"
        ]
      },
      "Confidence": 0.238
    }
  ]
}