{
  "source_pdf": "Patient_7a076529.pdf",
  "Extracted Prescription Data": {
    "Diagnosis": [
      "es115"
    ],
    "Medications": [
      "lamotrigine",
      "sumatriptan"
    ],
    "Tests": [
      "lumbar puncture"
    ],
    "Visit Reason": [
      "neuropathy"
    ]
  },
  "Insurance Policy Impact": [
    {
      "Clinical Context Used": "neuropathy lumbar puncture lamotrigine sumatriptan es115",
      "Matched Specialty": "neurology",
      "Policy Impact": {
        "max_claim_limit": "60,000",
        "exclusions": [
          "biofeedback",
          "experimental neurostim"
        ]
      },
      "Confidence": 0.295
    }
  ]
}