{
  "source_pdf": "Patient_966f8159.pdf",
  "Extracted Prescription Data": {
    "Diagnosis": [
      "hn804"
    ],
    "Medications": [
      "ibuprofen",
      "metformin"
    ],
    "Tests": [
      "tsh",
      "urinalysis"
    ],
    "Visit Reason": [
      "diabetes manageme\nnt"
    ]
  },
  "Insurance Policy Impact": [
    {
      "Clinical Context Used": "diabetes manageme\nnt tsh urinalysis ibuprofen metformin hn804",
      "Matched Specialty": "gastroenterology",
      "Policy Impact": {
        "max_claim_limit": "40,000",
        "exclusions": [
          "dietary supplements",
          "detox programs"
        ]
      },
      "Confidence": 0.223
    }
  ]
}