{
  "source_pdf": "Patient_a6906019.pdf",
  "Extracted Prescription Data": {
    "Diagnosis": [
      "of320"
    ],
    "Medications": [
      "atorvastatin"
    ],
    "Tests": [
      "troponin test"
    ],
    "Visit Reason": [
      "chest pain"
    ]
  },
  "Insurance Policy Impact": [
    {
      "Clinical Context Used": "chest pain troponin test atorvastatin of320",
      "Matched Specialty": "cardiology",
      "Policy Impact": {
        "max_claim_limit": "50,000",
        "exclusions": [
          "cosmetic surgery",
          "experimental valve"
        ]
      },
      "Confidence": 0.247
    }
  ]
}