{
  "source_pdf": "Patient_a60c97a5.pdf",
  "Extracted Prescription Data": {
    "Diagnosis": [
      "dx232"
    ],
    "Medications": [
      "atorvastatin",
      "warfarin"
    ],
    "Tests": [
      "holter monitor"
    ],
    "Visit Reason": [
      "hypertension"
    ]
  },
  "Insurance Policy Impact": [
    {
      "Clinical Context Used": "hypertension holter monitor atorvastatin warfarin dx232",
      "Matched Specialty": "cardiology",
      "Policy Impact": {
        "max_claim_limit": "50,000",
        "exclusions": [
          "cosmetic surgery",
          "experimental valve"
        ]
      },
      "Confidence": 0.211
    }
  ]
}