{
  "source_pdf": "Patient_4a3b7a50.pdf",
  "Extracted Prescription Data": {
    "Diagnosis": [
      "bp318"
    ],
    "Medications": [
      "amlodipine",
      "warfarin"
    ],
    "Tests": [
      "lipid panel"
    ],
    "Visit Reason": [
      "chest pain"
    ]
  },
  "Insurance Policy Impact": [
    {
      "Clinical Context Used": "chest pain lipid panel amlodipine warfarin bp318",
      "Matched Specialty": "cardiology",
      "Policy Impact": {
        "max_claim_limit": "50,000",
        "exclusions": [
          "cosmetic surgery",
          "experimental valve"
        ]
      },
      "Confidence": 0.328
    }
  ]
}