{
  "source_pdf": "Patient_49d7c02d.pdf",
  "Extracted Prescription Data": {
    "Diagnosis": [
      "po844"
    ],
    "Medications": [
      "topiramate"
    ],
    "Tests": [
      "mri brain"
    ],
    "Visit Reason": [
      "neuropathy"
    ]
  },
  "Insurance Policy Impact": [
    {
      "Clinical Context Used": "neuropathy mri brain topiramate po844",
      "Matched Specialty": "neurology",
      "Policy Impact": {
        "max_claim_limit": "60,000",
        "exclusions": [
          "biofeedback",
          "experimental neurostim"
        ]
      },
      "Confidence": 0.403
    }
  ]
}