{
  "source_pdf": "Patient_eb64bf6e.pdf",
  "Extracted Prescription Data": {
    "Diagnosis": [
      "ri469"
    ],
    "Medications": [
      "cyclobenzaprine"
    ],
    "Tests": [
      "mri"
    ],
    "Visit Reason": [
      "hip pain"
    ]
  },
  "Insurance Policy Impact": [
    {
      "Clinical Context Used": "hip pain mri cyclobenzaprine ri469",
      "Matched Specialty": "orthopedics",
      "Policy Impact": {
        "max_claim_limit": "35,000",
        "exclusions": [
          "sports injuries (pro)",
          "massage therapy"
        ]
      },
      "Confidence": 0.342
    }
  ]
}