{
  "source_pdf": "Patient_7aa57e94.pdf",
  "Extracted Prescription Data": {
    "Diagnosis": [
      "go856"
    ],
    "Medications": [
      "acetaminophen",
      "amoxicillin"
    ],
    "Tests": [
      "strep test"
    ],
    "Visit Reason": [
      "fever"
    ]
  },
  "Insurance Policy Impact": [
    {
      "Clinical Context Used": "fever strep test acetaminophen amoxicillin go856",
      "Matched Specialty": "gastroenterology",
      "Policy Impact": {
        "max_claim_limit": "40,000",
        "exclusions": [
          "dietary supplements",
          "detox programs"
        ]
      },
      "Confidence": 0.131
    }
  ]
}