{
  "source_pdf": "Patient_2d67c45c.pdf",
  "Extracted Prescription Data": {
    "Diagnosis": [
      "oa923"
    ],
    "Medications": [
      "donepezil"
    ],
    "Tests": [
      "emg",
      "mri brain"
    ],
    "Visit Reason": [
      "memory loss"
    ]
  },
  "Insurance Policy Impact": [
    {
      "Clinical Context Used": "memory loss emg mri brain donepezil oa923",
      "Matched Specialty": "neurology",
      "Policy Impact": {
        "max_claim_limit": "60,000",
        "exclusions": [
          "biofeedback",
          "experimental neurostim"
        ]
      },
      "Confidence": 0.379
    }
  ]
}