{
  "source_pdf": "Patient_723fbeec.pdf",
  "Extracted Prescription Data": {
    "Diagnosis": [
      "ki727"
    ],
    "Medications": [
      "metformin"
    ],
    "Tests": [
      "lipid panel",
      "tsh"
    ],
    "Visit Reason": [
      "infection"
    ]
  },
  "Insurance Policy Impact": [
    {
      "Clinical Context Used": "infection lipid panel tsh metformin ki727",
      "Matched Specialty": "pediatrics",
      "Policy Impact": {
        "max_claim_limit": "25,000",
        "exclusions": [
          "growth hormones (cosmetic)",
          "developmental therapy"
        ]
      },
      "Confidence": 0.189
    }
  ]
}