{
  "source_pdf": "Patient_6488ec2e.pdf",
  "Extracted Prescription Data": {
    "Diagnosis": [
      "fq929"
    ],
    "Medications": [
      "ibuprofen",
      "tramadol"
    ],
    "Tests": [
      "arthroscopy",
      "x-ray"
    ],
    "Visit Reason": [
      "hip pain"
    ]
  },
  "Insurance Policy Impact": [
    {
      "Clinical Context Used": "hip pain arthroscopy x-ray ibuprofen tramadol fq929",
      "Matched Specialty": "orthopedics",
      "Policy Impact": {
        "max_claim_limit": "35,000",
        "exclusions": [
          "sports injuries (pro)",
          "massage therapy"
        ]
      },
      "Confidence": 0.312
    }
  ]
}