{
  "source_pdf": "Patient_4c717773.pdf",
  "Extracted Prescription Data": {
    "Diagnosis": [
      "tz864"
    ],
    "Medications": [
      "gabapentin"
    ],
    "Tests": [
      "lumbar puncture"
    ],
    "Visit Reason": [
      "neuropathy"
    ]
  },
  "Insurance Policy Impact": [
    {
      "Clinical Context Used": "neuropathy lumbar puncture gabapentin tz864",
      "Matched Specialty": "neurology",
      "Policy Impact": {
        "max_claim_limit": "60,000",
        "exclusions": [
          "biofeedback",
          "experimental neurostim"
        ]
      },
      "Confidence": 0.354
    }
  ]
}