{
  "source_pdf": "Patient_5c4ff101.pdf",
  "Extracted Prescription Data": {
    "Diagnosis": [
      "mp556"
    ],
    "Medications": [
      "nitroglycerin"
    ],
    "Tests": [
      "stress test"
    ],
    "Visit Reason": [
      "palpitations"
    ]
  },
  "Insurance Policy Impact": [
    {
      "Clinical Context Used": "palpitations stress test nitroglycerin mp556",
      "Matched Specialty": "cardiology",
      "Policy Impact": {
        "max_claim_limit": "50,000",
        "exclusions": [
          "cosmetic surgery",
          "experimental valve"
        ]
      },
      "Confidence": 0.271
    }
  ]
}