{
  "source_pdf": "Patient_9f702e59.pdf",
  "Extracted Prescription Data": {
    "Diagnosis": [
      "uu133"
    ],
    "Medications": [
      "clopidogrel",
      "nitroglycerin"
    ],
    "Tests": [
      "echocardiogram"
    ],
    "Visit Reason": [
      "hypertension"
    ]
  },
  "Insurance Policy Impact": [
    {
      "Clinical Context Used": "hypertension echocardiogram clopidogrel nitroglycerin uu133",
      "Matched Specialty": "cardiology",
      "Policy Impact": {
        "max_claim_limit": "50,000",
        "exclusions": [
          "cosmetic surgery",
          "experimental valve"
        ]
      },
      "Confidence": 0.264
    }
  ]
}