{
  "source_pdf": "Patient_2c3fde4b.pdf",
  "Extracted Prescription Data": {
    "Diagnosis": [
      "zd469"
    ],
    "Medications": [
      "sumatriptan"
    ],
    "Tests": [
      "ct head"
    ],
    "Visit Reason": [
      "memory loss"
    ]
  },
  "Insurance Policy Impact": [
    {
      "Clinical Context Used": "memory loss ct head sumatriptan zd469",
      "Matched Specialty": "neurology",
      "Policy Impact": {
        "max_claim_limit": "60,000",
        "exclusions": [
          "biofeedback",
          "experimental neurostim"
        ]
      },
      "Confidence": 0.238
    }
  ]
}