{
  "source_pdf": "Patient_0fb5738d.pdf",
  "Extracted Prescription Data": {
    "Diagnosis": [
      "dr058"
    ],
    "Medications": [
      "simvastatin"
    ],
    "Tests": [
      "tsh",
      "vitamin d level"
    ],
    "Visit Reason": [
      "infection"
    ]
  },
  "Insurance Policy Impact": [
    {
      "Clinical Context Used": "infection tsh vitamin d level simvastatin dr058",
      "Matched Specialty": "pediatrics",
      "Policy Impact": {
        "max_claim_limit": "25,000",
        "exclusions": [
          "growth hormones (cosmetic)",
          "developmental therapy"
        ]
      },
      "Confidence": 0.132
    }
  ]
}