{
  "source_pdf": "Patient_c2ad0db6.pdf",
  "Extracted Prescription Data": {
    "Diagnosis": [
      "it568"
    ],
    "Medications": [
      "albuterol inhaler"
    ],
    "Tests": [
      "lead screening",
      "strep test"
    ],
    "Visit Reason": [
      "cough"
    ]
  },
  "Insurance Policy Impact": [
    {
      "Clinical Context Used": "cough lead screening strep test albuterol inhaler it568",
      "Matched Specialty": "general practice",
      "Policy Impact": {
        "max_claim_limit": null,
        "exclusions": [
          "not available"
        ]
      },
      "Confidence": 0.167
    }
  ]
}