{
  "source_pdf": "Patient_689488e5.pdf",
  "Extracted Prescription Data": {
    "Diagnosis": [
      "bt596"
    ],
    "Medications": [
      "furosemide",
      "metoprolol"
    ],
    "Tests": [
      "lipid panel",
      "stress test"
    ],
    "Visit Reason": [
      "hypertension"
    ]
  },
  "Insurance Policy Impact": [
    {
      "Clinical Context Used": "hypertension lipid panel stress test furosemide metoprolol bt596",
      "Matched Specialty": "cardiology",
      "Policy Impact": {
        "max_claim_limit": "50,000",
        "exclusions": [
          "cosmetic surgery",
          "experimental valve"
        ]
      },
      "Confidence": 0.18
    }
  ]
}