{
  "source_pdf": "Patient_91d16825.pdf",
  "Extracted Prescription Data": {
    "Diagnosis": [
      "ci403"
    ],
    "Medications": [
      "amoxicillin"
    ],
    "Tests": [
      "urinalysis"
    ],
    "Visit Reason": [
      "allergy"
    ]
  },
  "Insurance Policy Impact": [
    {
      "Clinical Context Used": "allergy urinalysis amoxicillin ci403",
      "Matched Specialty": "gastroenterology",
      "Policy Impact": {
        "max_claim_limit": "40,000",
        "exclusions": [
          "dietary supplements",
          "detox programs"
        ]
      },
      "Confidence": 0.208
    }
  ]
}