{
  "source_pdf": "Patient_853be202.pdf",
  "Extracted Prescription Data": {
    "Diagnosis": [
      "nr466"
    ],
    "Medications": [
      "carbamazepine",
      "lamotrigine"
    ],
    "Tests": [
      "eeg",
      "nerve conduction study"
    ],
    "Visit Reason": [
      "seizure"
    ]
  },
  "Insurance Policy Impact": [
    {
      "Clinical Context Used": "seizure eeg nerve conduction study carbamazepine lamotrigine nr466",
      "Matched Specialty": "neurology",
      "Policy Impact": {
        "max_claim_limit": "60,000",
        "exclusions": [
          "biofeedback",
          "experimental neurostim"
        ]
      },
      "Confidence": 0.332
    }
  ]
}