{
  "source_pdf": "Patient_e26f7799.pdf",
  "Extracted Prescription Data": {
    "Diagnosis": [
      "rt244"
    ],
    "Medications": [
      "lisinopril"
    ],
    "Tests": [
      "vitamin d level"
    ],
    "Visit Reason": [
      "allergy"
    ]
  },
  "Insurance Policy Impact": [
    {
      "Clinical Context Used": "allergy vitamin d level lisinopril rt244",
      "Matched Specialty": "gastroenterology",
      "Policy Impact": {
        "max_claim_limit": "40,000",
        "exclusions": [
          "dietary supplements",
          "detox programs"
        ]
      },
      "Confidence": 0.187
    }
  ]
}