{
  "source_pdf": "Patient_e8c8fbad.pdf",
  "Extracted Prescription Data": {
    "Diagnosis": [
      "ao760"
    ],
    "Medications": [
      "acetaminophen",
      "ceftriaxone"
    ],
    "Tests": [
      "lead screening"
    ],
    "Visit Reason": [
      "cough"
    ]
  },
  "Insurance Policy Impact": [
    {
      "Clinical Context Used": "cough lead screening acetaminophen ceftriaxone ao760",
      "Matched Specialty": "gastroenterology",
      "Policy Impact": {
        "max_claim_limit": "40,000",
        "exclusions": [
          "dietary supplements",
          "detox programs"
        ]
      },
      "Confidence": 0.222
    }
  ]
}