{
  "source_pdf": "Patient_69503840.pdf",
  "Extracted Prescription Data": {
    "Diagnosis": [
      "ck039"
    ],
    "Medications": [
      "prednisolone"
    ],
    "Tests": [
      "rsv test",
      "vision screen"
    ],
    "Visit Reason": [
      "sore throat"
    ]
  },
  "Insurance Policy Impact": [
    {
      "Clinical Context Used": "sore throat rsv test vision screen prednisolone ck039",
      "Matched Specialty": "general practice",
      "Policy Impact": {
        "max_claim_limit": null,
        "exclusions": [
          "not available"
        ]
      },
      "Confidence": 0.154
    }
  ]
}