{
  "source_pdf": "Patient_6f00002a.pdf",
  "Extracted Prescription Data": {
    "Diagnosis": [
      "ik546"
    ],
    "Medications": [
      "carbamazepine",
      "gabapentin"
    ],
    "Tests": [
      "lumbar puncture"
    ],
    "Visit Reason": [
      "neuropathy"
    ]
  },
  "Insurance Policy Impact": [
    {
      "Clinical Context Used": "neuropathy lumbar puncture carbamazepine gabapentin ik546",
      "Matched Specialty": "neurology",
      "Policy Impact": {
        "max_claim_limit": "60,000",
        "exclusions": [
          "biofeedback",
          "experimental neurostim"
        ]
      },
      "Confidence": 0.314
    }
  ]
}