{
  "source_pdf": "Patient_d81768a1.pdf",
  "Extracted Prescription Data": {
    "Diagnosis": [
      "wm483"
    ],
    "Medications": [
      "amlodipine",
      "clopidogrel"
    ],
    "Tests": [
      "holter monitor",
      "lipid panel"
    ],
    "Visit Reason": [
      "angina"
    ]
  },
  "Insurance Policy Impact": [
    {
      "Clinical Context Used": "angina holter monitor lipid panel amlodipine clopidogrel wm483",
      "Matched Specialty": "cardiology",
      "Policy Impact": {
        "max_claim_limit": "50,000",
        "exclusions": [
          "cosmetic surgery",
          "experimental valve"
        ]
      },
      "Confidence": 0.265
    }
  ]
}