{
  "source_pdf": "Patient_7f8b0dce.pdf",
  "Extracted Prescription Data": {
    "Diagnosis": [
      "ss391"
    ],
    "Medications": [
      "amlodipine"
    ],
    "Tests": [
      "lipid panel"
    ],
    "Visit Reason": [
      "shortness of breath"
    ]
  },
  "Insurance Policy Impact": [
    {
      "Clinical Context Used": "shortness of breath lipid panel amlodipine ss391",
      "Matched Specialty": "cardiology",
      "Policy Impact": {
        "max_claim_limit": "50,000",
        "exclusions": [
          "cosmetic surgery",
          "experimental valve"
        ]
      },
      "Confidence": 0.259
    }
  ]
}