{
  "source_pdf": "Patient_89323bce.pdf",
  "Extracted Prescription Data": {
    "Diagnosis": [
      "bh276"
    ],
    "Medications": [
      "hydrocodone",
      "naproxen"
    ],
    "Tests": [
      "arthroscopy"
    ],
    "Visit Reason": [
      "sports injury"
    ]
  },
  "Insurance Policy Impact": [
    {
      "Clinical Context Used": "sports injury arthroscopy hydrocodone naproxen bh276",
      "Matched Specialty": "orthopedics",
      "Policy Impact": {
        "max_claim_limit": "35,000",
        "exclusions": [
          "sports injuries (pro)",
          "massage therapy"
        ]
      },
      "Confidence": 0.505
    }
  ]
}