{
  "source_pdf": "Patient_2e401f80.pdf",
  "Extracted Prescription Data": {
    "Diagnosis": [
      "zx143"
    ],
    "Medications": [
      "atorvastatin",
      "nitroglycerin"
    ],
    "Tests": [
      "ecg"
    ],
    "Visit Reason": [
      "angina"
    ]
  },
  "Insurance Policy Impact": [
    {
      "Clinical Context Used": "angina ecg atorvastatin nitroglycerin zx143",
      "Matched Specialty": "cardiology",
      "Policy Impact": {
        "max_claim_limit": "50,000",
        "exclusions": [
          "cosmetic surgery",
          "experimental valve"
        ]
      },
      "Confidence": 0.25
    }
  ]
}