{
  "source_pdf": "Patient_0beba7b0.pdf",
  "Extracted Prescription Data": {
    "Diagnosis": [
      "zr766"
    ],
    "Medications": [
      "gabapentin"
    ],
    "Tests": [
      "lumbar puncture"
    ],
    "Visit Reason": [
      "dizziness"
    ]
  },
  "Insurance Policy Impact": [
    {
      "Clinical Context Used": "dizziness lumbar puncture gabapentin zr766",
      "Matched Specialty": "neurology",
      "Policy Impact": {
        "max_claim_limit": "60,000",
        "exclusions": [
          "biofeedback",
          "experimental neurostim"
        ]
      },
      "Confidence": 0.203
    }
  ]
}