{
  "source_pdf": "Patient_b50dab9e.pdf",
  "Extracted Prescription Data": {
    "Diagnosis": [
      "po342"
    ],
    "Medications": [
      "metformin",
      "sertraline"
    ],
    "Tests": [
      "urinalysis"
    ],
    "Visit Reason": [
      "back pain"
    ]
  },
  "Insurance Policy Impact": [
    {
      "Clinical Context Used": "back pain urinalysis metformin sertraline po342",
      "Matched Specialty": "neurology",
      "Policy Impact": {
        "max_claim_limit": "60,000",
        "exclusions": [
          "biofeedback",
          "experimental neurostim"
        ]
      },
      "Confidence": 0.261
    }
  ]
}