{
  "source_pdf": "Patient_b7626d0a.pdf",
  "Extracted Prescription Data": {
    "Diagnosis": [
      "jb176"
    ],
    "Medications": [
      "sertraline"
    ],
    "Tests": [
      "tsh"
    ],
    "Visit Reason": [
      "routine checkup"
    ]
  },
  "Insurance Policy Impact": [
    {
      "Clinical Context Used": "routine checkup tsh sertraline jb176",
      "Matched Specialty": "neurology",
      "Policy Impact": {
        "max_claim_limit": "60,000",
        "exclusions": [
          "biofeedback",
          "experimental neurostim"
        ]
      },
      "Confidence": 0.237
    }
  ]
}