{
  "source_pdf": "Patient_905ceb88.pdf",
  "Extracted Prescription Data": {
    "Diagnosis": [
      "ye721"
    ],
    "Medications": [
      "levothyroxine",
      "omeprazole"
    ],
    "Tests": [
      "urinalysis",
      "vitamin d level"
    ],
    "Visit Reason": [
      "flu symptoms"
    ]
  },
  "Insurance Policy Impact": [
    {
      "Clinical Context Used": "flu symptoms urinalysis vitamin d level levothyroxine omeprazole ye721",
      "Matched Specialty": "neurology",
      "Policy Impact": {
        "max_claim_limit": "60,000",
        "exclusions": [
          "biofeedback",
          "experimental neurostim"
        ]
      },
      "Confidence": 0.194
    }
  ]
}