{
  "source_pdf": "Patient_39841d2c.pdf",
  "Extracted Prescription Data": {
    "Diagnosis": [
      "rg686"
    ],
    "Medications": [
      "omeprazole"
    ],
    "Tests": [
      "vitamin d level"
    ],
    "Visit Reason": [
      "abdominal pain"
    ]
  },
  "Insurance Policy Impact": [
    {
      "Clinical Context Used": "abdominal pain vitamin d level omeprazole rg686",
      "Matched Specialty": "gastroenterology",
      "Policy Impact": {
        "max_claim_limit": "40,000",
        "exclusions": [
          "dietary supplements",
          "detox programs"
        ]
      },
      "Confidence": 0.306
    }
  ]
}