{
  "source_pdf": "Patient_dda21df1.pdf",
  "Extracted Prescription Data": {
    "Diagnosis": [
      "qg268"
    ],
    "Medications": [
      "metformin"
    ],
    "Tests": [
      "lipid panel"
    ],
    "Visit Reason": [
      "abdominal pain"
    ]
  },
  "Insurance Policy Impact": [
    {
      "Clinical Context Used": "abdominal pain lipid panel metformin qg268",
      "Matched Specialty": "cardiology",
      "Policy Impact": {
        "max_claim_limit": "50,000",
        "exclusions": [
          "cosmetic surgery",
          "experimental valve"
        ]
      },
      "Confidence": 0.257
    }
  ]
}