{
  "source_pdf": "Patient_3d683222.pdf",
  "Extracted Prescription Data": {
    "Diagnosis": [
      "ih928"
    ],
    "Medications": [
      "metformin",
      "simvastatin"
    ],
    "Tests": [
      "lipid panel",
      "vitamin d level"
    ],
    "Visit Reason": [
      "abdominal pain"
    ]
  },
  "Insurance Policy Impact": [
    {
      "Clinical Context Used": "abdominal pain lipid panel vitamin d level metformin simvastatin ih928",
      "Matched Specialty": "gastroenterology",
      "Policy Impact": {
        "max_claim_limit": "40,000",
        "exclusions": [
          "dietary supplements",
          "detox programs"
        ]
      },
      "Confidence": 0.213
    }
  ]
}