{
  "source_pdf": "Patient_11175869.pdf",
  "Extracted Prescription Data": {
    "Diagnosis": [
      "nz657"
    ],
    "Medications": [
      "simvastatin"
    ],
    "Tests": [
      "hba1c"
    ],
    "Visit Reason": [
      "infection"
    ]
  },
  "Insurance Policy Impact": [
    {
      "Clinical Context Used": "infection hba1c simvastatin nz657",
      "Matched Specialty": "gastroenterology",
      "Policy Impact": {
        "max_claim_limit": "40,000",
        "exclusions": [
          "dietary supplements",
          "detox programs"
        ]
      },
      "Confidence": 0.079
    }
  ]
}