{
  "source_pdf": "Patient_6f7d096d.pdf",
  "Extracted Prescription Data": {
    "Diagnosis": [
      "ph638"
    ],
    "Medications": [
      "celecoxib",
      "ibuprofen"
    ],
    "Tests": [
      "mri"
    ],
    "Visit Reason": [
      "joint stiffness"
    ]
  },
  "Insurance Policy Impact": [
    {
      "Clinical Context Used": "joint stiffness mri celecoxib ibuprofen ph638",
      "Matched Specialty": "orthopedics",
      "Policy Impact": {
        "max_claim_limit": "35,000",
        "exclusions": [
          "sports injuries (pro)",
          "massage therapy"
        ]
      },
      "Confidence": 0.342
    }
  ]
}