{
  "source_pdf": "Patient_b18675dc.pdf",
  "Extracted Prescription Data": {
    "Diagnosis": [
      "ei984"
    ],
    "Medications": [
      "lisinopril"
    ],
    "Tests": [
      "echocardiogram",
      "troponin test"
    ],
    "Visit Reason": [
      "chest pain"
    ]
  },
  "Insurance Policy Impact": [
    {
      "Clinical Context Used": "chest pain echocardiogram troponin test lisinopril ei984",
      "Matched Specialty": "cardiology",
      "Policy Impact": {
        "max_claim_limit": "50,000",
        "exclusions": [
          "cosmetic surgery",
          "experimental valve"
        ]
      },
      "Confidence": 0.259
    }
  ]
}