{
  "source_pdf": "Patient_1c787ec3.pdf",
  "Extracted Prescription Data": {
    "Diagnosis": [
      "xv257"
    ],
    "Medications": [
      "omeprazole"
    ],
    "Tests": [
      "vitamin d level"
    ],
    "Visit Reason": [
      "flu symptoms"
    ]
  },
  "Insurance Policy Impact": [
    {
      "Clinical Context Used": "flu symptoms vitamin d level omeprazole xv257",
      "Matched Specialty": "gastroenterology",
      "Policy Impact": {
        "max_claim_limit": "40,000",
        "exclusions": [
          "dietary supplements",
          "detox programs"
        ]
      },
      "Confidence": 0.162
    }
  ]
}