{
  "source_pdf": "Patient_0b3b71b8.pdf",
  "Extracted Prescription Data": {
    "Diagnosis": [
      "ra134"
    ],
    "Medications": [
      "levothyroxine"
    ],
    "Tests": [
      "urinalysis"
    ],
    "Visit Reason": [
      "fatigue"
    ]
  },
  "Insurance Policy Impact": [
    {
      "Clinical Context Used": "fatigue urinalysis levothyroxine ra134",
      "Matched Specialty": "neurology",
      "Policy Impact": {
        "max_claim_limit": "60,000",
        "exclusions": [
          "biofeedback",
          "experimental neurostim"
        ]
      },
      "Confidence": 0.32
    }
  ]
}