{
  "source_pdf": "Patient_f56568cf.pdf",
  "Extracted Prescription Data": {
    "Diagnosis": [
      "yh736"
    ],
    "Medications": [
      "amoxicillin"
    ],
    "Tests": [
      "lead screening",
      "strep test"
    ],
    "Visit Reason": [
      "sore throat"
    ]
  },
  "Insurance Policy Impact": [
    {
      "Clinical Context Used": "sore throat lead screening strep test amoxicillin yh736",
      "Matched Specialty": "gastroenterology",
      "Policy Impact": {
        "max_claim_limit": "40,000",
        "exclusions": [
          "dietary supplements",
          "detox programs"
        ]
      },
      "Confidence": 0.197
    }
  ]
}