{
  "source_pdf": "Patient_7f837113.pdf",
  "Extracted Prescription Data": {
    "Diagnosis": [
      "nx461"
    ],
    "Medications": [
      "clopidogrel",
      "nitroglycerin"
    ],
    "Tests": [
      "cardiac ct"
    ],
    "Visit Reason": [
      "heart failure\ncheckup"
    ]
  },
  "Insurance Policy Impact": [
    {
      "Clinical Context Used": "heart failure\ncheckup cardiac ct clopidogrel nitroglycerin nx461",
      "Matched Specialty": "cardiology",
      "Policy Impact": {
        "max_claim_limit": "50,000",
        "exclusions": [
          "cosmetic surgery",
          "experimental valve"
        ]
      },
      "Confidence": 0.242
    }
  ]
}