{
  "source_pdf": "Patient_90c1764a.pdf",
  "Extracted Prescription Data": {
    "Diagnosis": [
      "hu062"
    ],
    "Medications": [
      "atorvastatin",
      "warfarin"
    ],
    "Tests": [
      "stress test"
    ],
    "Visit Reason": [
      "shortness of breath"
    ]
  },
  "Insurance Policy Impact": [
    {
      "Clinical Context Used": "shortness of breath stress test atorvastatin warfarin hu062",
      "Matched Specialty": "cardiology",
      "Policy Impact": {
        "max_claim_limit": "50,000",
        "exclusions": [
          "cosmetic surgery",
          "experimental valve"
        ]
      },
      "Confidence": 0.15
    }
  ]
}