{
  "source_pdf": "Patient_48c85749.pdf",
  "Extracted Prescription Data": {
    "Diagnosis": [
      "ne843"
    ],
    "Medications": [
      "levetiracetam"
    ],
    "Tests": [
      "cognitive assessment",
      "eeg"
    ],
    "Visit Reason": [
      "chronic headaches"
    ]
  },
  "Insurance Policy Impact": [
    {
      "Clinical Context Used": "chronic headaches cognitive assessment eeg levetiracetam ne843",
      "Matched Specialty": "neurology",
      "Policy Impact": {
        "max_claim_limit": "60,000",
        "exclusions": [
          "biofeedback",
          "experimental neurostim"
        ]
      },
      "Confidence": 0.354
    }
  ]
}