{
  "source_pdf": "Patient_a7d072fc.pdf",
  "Extracted Prescription Data": {
    "Diagnosis": [
      "cj126"
    ],
    "Medications": [
      "cyclobenzaprine"
    ],
    "Tests": [
      "x-ray"
    ],
    "Visit Reason": [
      "sports injury"
    ]
  },
  "Insurance Policy Impact": [
    {
      "Clinical Context Used": "sports injury x-ray cyclobenzaprine cj126",
      "Matched Specialty": "orthopedics",
      "Policy Impact": {
        "max_claim_limit": "35,000",
        "exclusions": [
          "sports injuries (pro)",
          "massage therapy"
        ]
      },
      "Confidence": 0.484
    }
  ]
}