{
  "source_pdf": "Patient_4601892b.pdf",
  "Extracted Prescription Data": {
    "Diagnosis": [
      "ex174"
    ],
    "Medications": [
      "ceftriaxone"
    ],
    "Tests": [
      "lead screening"
    ],
    "Visit Reason": [
      "vaccination"
    ]
  },
  "Insurance Policy Impact": [
    {
      "Clinical Context Used": "vaccination lead screening ceftriaxone ex174",
      "Matched Specialty": "gastroenterology",
      "Policy Impact": {
        "max_claim_limit": "40,000",
        "exclusions": [
          "dietary supplements",
          "detox programs"
        ]
      },
      "Confidence": 0.163
    }
  ]
}