{
  "source_pdf": "Patient_2c069726.pdf",
  "Extracted Prescription Data": {
    "Diagnosis": [
      "ki145"
    ],
    "Medications": [
      "ibuprofen"
    ],
    "Tests": [
      "influenza test"
    ],
    "Visit Reason": [
      "rash"
    ]
  },
  "Insurance Policy Impact": [
    {
      "Clinical Context Used": "rash influenza test ibuprofen ki145",
      "Matched Specialty": "pediatrics",
      "Policy Impact": {
        "max_claim_limit": "25,000",
        "exclusions": [
          "growth hormones (cosmetic)",
          "developmental therapy"
        ]
      },
      "Confidence": 0.161
    }
  ]
}