{
  "source_pdf": "Patient_ca32239c.pdf",
  "Extracted Prescription Data": {
    "Diagnosis": [
      "eu291"
    ],
    "Medications": [
      "carbamazepine",
      "sumatriptan"
    ],
    "Tests": [
      "nerve conduction study"
    ],
    "Visit Reason": [
      "memory loss"
    ]
  },
  "Insurance Policy Impact": [
    {
      "Clinical Context Used": "memory loss nerve conduction study carbamazepine sumatriptan eu291",
      "Matched Specialty": "neurology",
      "Policy Impact": {
        "max_claim_limit": "60,000",
        "exclusions": [
          "biofeedback",
          "experimental neurostim"
        ]
      },
      "Confidence": 0.36
    }
  ]
}