{
  "source_pdf": "Patient_90319795.pdf",
  "Extracted Prescription Data": {
    "Diagnosis": [
      "gk401"
    ],
    "Medications": [
      "levetiracetam"
    ],
    "Tests": [
      "lumbar puncture"
    ],
    "Visit Reason": [
      "tremors"
    ]
  },
  "Insurance Policy Impact": [
    {
      "Clinical Context Used": "tremors lumbar puncture levetiracetam gk401",
      "Matched Specialty": "neurology",
      "Policy Impact": {
        "max_claim_limit": "60,000",
        "exclusions": [
          "biofeedback",
          "experimental neurostim"
        ]
      },
      "Confidence": 0.258
    }
  ]
}