{
  "source_pdf": "Patient_1b08e17c.pdf",
  "Extracted Prescription Data": {
    "Diagnosis": [
      "bz937"
    ],
    "Medications": [
      "meloxicam"
    ],
    "Tests": [
      "ct scan"
    ],
    "Visit Reason": [
      "knee pain"
    ]
  },
  "Insurance Policy Impact": [
    {
      "Clinical Context Used": "knee pain ct scan meloxicam bz937",
      "Matched Specialty": "orthopedics",
      "Policy Impact": {
        "max_claim_limit": "35,000",
        "exclusions": [
          "sports injuries (pro)",
          "massage therapy"
        ]
      },
      "Confidence": 0.185
    }
  ]
}