{
  "source_pdf": "Patient_68c8d316.pdf",
  "Extracted Prescription Data": {
    "Diagnosis": [
      "ka555"
    ],
    "Medications": [
      "gabapentin"
    ],
    "Tests": [
      "cognitive assessment"
    ],
    "Visit Reason": [
      "tingling"
    ]
  },
  "Insurance Policy Impact": [
    {
      "Clinical Context Used": "tingling cognitive assessment gabapentin ka555",
      "Matched Specialty": "neurology",
      "Policy Impact": {
        "max_claim_limit": "60,000",
        "exclusions": [
          "biofeedback",
          "experimental neurostim"
        ]
      },
      "Confidence": 0.348
    }
  ]
}