{
  "source_pdf": "Patient_3d14d791.pdf",
  "Extracted Prescription Data": {
    "Diagnosis": [
      "xj278"
    ],
    "Medications": [
      "ibuprofen"
    ],
    "Tests": [
      "hearing test",
      "lead screening"
    ],
    "Visit Reason": [
      "annual checkup"
    ]
  },
  "Insurance Policy Impact": [
    {
      "Clinical Context Used": "annual checkup hearing test lead screening ibuprofen xj278",
      "Matched Specialty": "gastroenterology",
      "Policy Impact": {
        "max_claim_limit": "40,000",
        "exclusions": [
          "dietary supplements",
          "detox programs"
        ]
      },
      "Confidence": 0.119
    }
  ]
}