{
  "source_pdf": "Patient_478f93d5.pdf",
  "Extracted Prescription Data": {
    "Diagnosis": [
      "vt894"
    ],
    "Medications": [
      "albuterol inhaler"
    ],
    "Tests": [
      "vision screen"
    ],
    "Visit Reason": [
      "cough"
    ]
  },
  "Insurance Policy Impact": [
    {
      "Clinical Context Used": "cough vision screen albuterol inhaler vt894",
      "Matched Specialty": "cardiology",
      "Policy Impact": {
        "max_claim_limit": "50,000",
        "exclusions": [
          "cosmetic surgery",
          "experimental valve"
        ]
      },
      "Confidence": 0.18
    }
  ]
}