{
  "source_pdf": "Patient_0b35ced8.pdf",
  "Extracted Prescription Data": {
    "Diagnosis": [
      "cn940"
    ],
    "Medications": [
      "topiramate"
    ],
    "Tests": [
      "mri brain",
      "nerve conduction\nstudy"
    ],
    "Visit Reason": [
      "memory loss"
    ]
  },
  "Insurance Policy Impact": [
    {
      "Clinical Context Used": "memory loss mri brain nerve conduction\nstudy topiramate cn940",
      "Matched Specialty": "neurology",
      "Policy Impact": {
        "max_claim_limit": "60,000",
        "exclusions": [
          "biofeedback",
          "experimental neurostim"
        ]
      },
      "Confidence": 0.446
    }
  ]
}