{
  "source_pdf": "Patient_48413a0e.pdf",
  "Extracted Prescription Data": {
    "Diagnosis": [
      "pd005"
    ],
    "Medications": [
      "furosemide"
    ],
    "Tests": [
      "cardiac ct"
    ],
    "Visit Reason": [
      "angina"
    ]
  },
  "Insurance Policy Impact": [
    {
      "Clinical Context Used": "angina cardiac ct furosemide pd005",
      "Matched Specialty": "cardiology",
      "Policy Impact": {
        "max_claim_limit": "50,000",
        "exclusions": [
          "cosmetic surgery",
          "experimental valve"
        ]
      },
      "Confidence": 0.224
    }
  ]
}