{
  "source_pdf": "Patient_3fc7d991.pdf",
  "Extracted Prescription Data": {
    "Diagnosis": [
      "kw813"
    ],
    "Medications": [
      "omeprazole"
    ],
    "Tests": [
      "lipid panel"
    ],
    "Visit Reason": [
      "back pain"
    ]
  },
  "Insurance Policy Impact": [
    {
      "Clinical Context Used": "back pain lipid panel omeprazole kw813",
      "Matched Specialty": "orthopedics",
      "Policy Impact": {
        "max_claim_limit": "35,000",
        "exclusions": [
          "sports injuries (pro)",
          "massage therapy"
        ]
      },
      "Confidence": 0.255
    }
  ]
}