{
  "source_pdf": "Patient_28e3700a.pdf",
  "Extracted Prescription Data": {
    "Diagnosis": [
      "ff392"
    ],
    "Medications": [
      "ibuprofen"
    ],
    "Tests": [
      "cmp",
      "vitamin d level"
    ],
    "Visit Reason": [
      "back pain"
    ]
  },
  "Insurance Policy Impact": [
    {
      "Clinical Context Used": "back pain cmp vitamin d level ibuprofen ff392",
      "Matched Specialty": "orthopedics",
      "Policy Impact": {
        "max_claim_limit": "35,000",
        "exclusions": [
          "sports injuries (pro)",
          "massage therapy"
        ]
      },
      "Confidence": 0.287
    }
  ]
}