{
  "source_pdf": "Patient_9f3ad5b8.pdf",
  "Extracted Prescription Data": {
    "Diagnosis": [
      "aw990"
    ],
    "Medications": [
      "lisinopril",
      "nitroglycerin"
    ],
    "Tests": [
      "cardiac ct",
      "ecg"
    ],
    "Visit Reason": [
      "angina"
    ]
  },
  "Insurance Policy Impact": [
    {
      "Clinical Context Used": "angina cardiac ct ecg lisinopril nitroglycerin aw990",
      "Matched Specialty": "cardiology",
      "Policy Impact": {
        "max_claim_limit": "50,000",
        "exclusions": [
          "cosmetic surgery",
          "experimental valve"
        ]
      },
      "Confidence": 0.291
    }
  ]
}