{
  "source_pdf": "Patient_428778c7.pdf",
  "Extracted Prescription Data": {
    "Diagnosis": [
      "ft987"
    ],
    "Medications": [
      "cyclobenzaprine",
      "meloxicam"
    ],
    "Tests": [
      "arthroscopy"
    ],
    "Visit Reason": [
      "hip pain"
    ]
  },
  "Insurance Policy Impact": [
    {
      "Clinical Context Used": "hip pain arthroscopy cyclobenzaprine meloxicam ft987",
      "Matched Specialty": "orthopedics",
      "Policy Impact": {
        "max_claim_limit": "35,000",
        "exclusions": [
          "sports injuries (pro)",
          "massage therapy"
        ]
      },
      "Confidence": 0.365
    }
  ]
}