{
  "source_pdf": "Patient_ce0ca3a1.pdf",
  "Extracted Prescription Data": {
    "Diagnosis": [
      "ow145"
    ],
    "Medications": [
      "albuterol inhaler"
    ],
    "Tests": [
      "cbc",
      "strep test"
    ],
    "Visit Reason": [
      "vaccination"
    ]
  },
  "Insurance Policy Impact": [
    {
      "Clinical Context Used": "vaccination cbc strep test albuterol inhaler ow145",
      "Matched Specialty": "gastroenterology",
      "Policy Impact": {
        "max_claim_limit": "40,000",
        "exclusions": [
          "dietary supplements",
          "detox programs"
        ]
      },
      "Confidence": 0.164
    }
  ]
}