{
  "source_pdf": "Patient_55d479a8.pdf",
  "Extracted Prescription Data": {
    "Diagnosis": [
      "au268"
    ],
    "Medications": [
      "levothyroxine"
    ],
    "Tests": [
      "lipid panel",
      "vitamin d level"
    ],
    "Visit Reason": [
      "diabetes manageme\nnt"
    ]
  },
  "Insurance Policy Impact": [
    {
      "Clinical Context Used": "diabetes manageme\nnt lipid panel vitamin d level levothyroxine au268",
      "Matched Specialty": "pediatrics",
      "Policy Impact": {
        "max_claim_limit": "25,000",
        "exclusions": [
          "growth hormones (cosmetic)",
          "developmental therapy"
        ]
      },
      "Confidence": 0.185
    }
  ]
}