{
  "source_pdf": "Patient_3698eb50.pdf",
  "Extracted Prescription Data": {
    "Diagnosis": [
      "wl725"
    ],
    "Medications": [
      "hydrocodone"
    ],
    "Tests": [
      "arthroscopy"
    ],
    "Visit Reason": [
      "arthritis"
    ]
  },
  "Insurance Policy Impact": [
    {
      "Clinical Context Used": "arthritis arthroscopy hydrocodone wl725",
      "Matched Specialty": "orthopedics",
      "Policy Impact": {
        "max_claim_limit": "35,000",
        "exclusions": [
          "sports injuries (pro)",
          "massage therapy"
        ]
      },
      "Confidence": 0.287
    }
  ]
}