{
  "source_pdf": "Patient_b313a90c.pdf",
  "Extracted Prescription Data": {
    "Diagnosis": [
      "tz864"
    ],
    "Medications": [
      "levetiracetam",
      "sumatriptan"
    ],
    "Tests": [
      "lumbar\npuncture",
      "nerve conduction study"
    ],
    "Visit Reason": [
      "migraine"
    ]
  },
  "Insurance Policy Impact": [
    {
      "Clinical Context Used": "migraine lumbar\npuncture nerve conduction study levetiracetam sumatriptan tz864",
      "Matched Specialty": "neurology",
      "Policy Impact": {
        "max_claim_limit": "60,000",
        "exclusions": [
          "biofeedback",
          "experimental neurostim"
        ]
      },
      "Confidence": 0.318
    }
  ]
}