{
  "source_pdf": "Patient_fa42afd6.pdf",
  "Extracted Prescription Data": {
    "Diagnosis": [
      "mp191"
    ],
    "Medications": [
      "levothyroxine",
      "sertraline"
    ],
    "Tests": [
      "hba1c"
    ],
    "Visit Reason": [
      "hypertension\nfollow-up"
    ]
  },
  "Insurance Policy Impact": [
    {
      "Clinical Context Used": "hypertension\nfollow-up hba1c levothyroxine sertraline mp191",
      "Matched Specialty": "neurology",
      "Policy Impact": {
        "max_claim_limit": "60,000",
        "exclusions": [
          "biofeedback",
          "experimental neurostim"
        ]
      },
      "Confidence": 0.142
    }
  ]
}