{
  "source_pdf": "Patient_cf2a979e.pdf",
  "Extracted Prescription Data": {
    "Diagnosis": [
      "ag541"
    ],
    "Medications": [
      "azithromycin"
    ],
    "Tests": [
      "rsv test",
      "vision screen"
    ],
    "Visit Reason": [
      "rash"
    ]
  },
  "Insurance Policy Impact": [
    {
      "Clinical Context Used": "rash rsv test vision screen azithromycin ag541",
      "Matched Specialty": "general practice",
      "Policy Impact": {
        "max_claim_limit": null,
        "exclusions": [
          "not available"
        ]
      },
      "Confidence": 0.143
    }
  ]
}