{
  "source_pdf": "Patient_c744f2ac.pdf",
  "Extracted Prescription Data": {
    "Diagnosis": [
      "md142"
    ],
    "Medications": [
      "omeprazole"
    ],
    "Tests": [
      "tsh"
    ],
    "Visit Reason": [
      "infection"
    ]
  },
  "Insurance Policy Impact": [
    {
      "Clinical Context Used": "infection tsh omeprazole md142",
      "Matched Specialty": "gastroenterology",
      "Policy Impact": {
        "max_claim_limit": "40,000",
        "exclusions": [
          "dietary supplements",
          "detox programs"
        ]
      },
      "Confidence": 0.177
    }
  ]
}