{
  "source_pdf": "Patient_5089e029.pdf",
  "Extracted Prescription Data": {
    "Diagnosis": [
      "cq645"
    ],
    "Medications": [
      "clopidogrel"
    ],
    "Tests": [
      "troponin test"
    ],
    "Visit Reason": [
      "heart failure\ncheckup"
    ]
  },
  "Insurance Policy Impact": [
    {
      "Clinical Context Used": "heart failure\ncheckup troponin test clopidogrel cq645",
      "Matched Specialty": "gastroenterology",
      "Policy Impact": {
        "max_claim_limit": "40,000",
        "exclusions": [
          "dietary supplements",
          "detox programs"
        ]
      },
      "Confidence": 0.197
    }
  ]
}