{
  "source_pdf": "Patient_c6d51fab.pdf",
  "Extracted Prescription Data": {
    "Diagnosis": [
      "",
      "ry936"
    ],
    "Medications": [
      "amlodipine",
      "furosemide",
      "lisinopril",
      "metoprolol"
    ],
    "Tests": [
      "cardiac ct",
      "lipid panel",
      "stress test",
      "troponin test"
    ],
    "Visit Reason": [
      "arrhythmia",
      "chest pain"
    ]
  },
  "Insurance Policy Impact": [
    {
      "Clinical Context Used": "arrhythmia chest pain cardiac ct lipid panel stress test troponin test amlodipine furosemide lisinopril metoprolol ry936",
      "Matched Specialty": "cardiology",
      "Policy Impact": {
        "max_claim_limit": "50,000",
        "exclusions": [
          "cosmetic surgery",
          "experimental valve"
        ]
      },
      "Confidence": 0.248
    }
  ]
}