{
  "source_pdf": "Patient_6695a5b5.pdf",
  "Extracted Prescription Data": {
    "Diagnosis": [
      "ja878"
    ],
    "Medications": [
      "warfarin"
    ],
    "Tests": [
      "holter monitor",
      "lipid panel"
    ],
    "Visit Reason": [
      "palpitations"
    ]
  },
  "Insurance Policy Impact": [
    {
      "Clinical Context Used": "palpitations holter monitor lipid panel warfarin ja878",
      "Matched Specialty": "cardiology",
      "Policy Impact": {
        "max_claim_limit": "50,000",
        "exclusions": [
          "cosmetic surgery",
          "experimental valve"
        ]
      },
      "Confidence": 0.29
    }
  ]
}