{
  "source_pdf": "Patient_eed07bbb.pdf",
  "Extracted Prescription Data": {
    "Diagnosis": [
      "hc219"
    ],
    "Medications": [
      "prednisolone"
    ],
    "Tests": [
      "hearing test"
    ],
    "Visit Reason": [
      "fever"
    ]
  },
  "Insurance Policy Impact": [
    {
      "Clinical Context Used": "fever hearing test prednisolone hc219",
      "Matched Specialty": "neurology",
      "Policy Impact": {
        "max_claim_limit": "60,000",
        "exclusions": [
          "biofeedback",
          "experimental neurostim"
        ]
      },
      "Confidence": 0.101
    }
  ]
}