{
  "source_pdf": "Patient_2d79662b.pdf",
  "Extracted Prescription Data": {
    "Diagnosis": [
      "",
      "cd681"
    ],
    "Medications": [
      "amlodipine",
      "clopidogrel",
      "furosemide",
      "lisinopril",
      "nitroglycerin"
    ],
    "Tests": [
      "cardiac ct",
      "ecg",
      "echocardiogram",
      "lipid panel",
      "stress test"
    ],
    "Visit Reason": [
      "chest pain",
      "hypertension",
      "palpitations"
    ]
  },
  "Insurance Policy Impact": [
    {
      "Clinical Context Used": "chest pain hypertension palpitations cardiac ct ecg echocardiogram lipid panel stress test amlodipine clopidogrel furosemide lisinopril nitroglycerin cd681",
      "Matched Specialty": "cardiology",
      "Policy Impact": {
        "max_claim_limit": "50,000",
        "exclusions": [
          "cosmetic surgery",
          "experimental valve"
        ]
      },
      "Confidence": 0.28
    }
  ]
}