{
  "source_pdf": "Patient_8e3e9b2c.pdf",
  "Extracted Prescription Data": {
    "Diagnosis": [
      "gq921"
    ],
    "Medications": [
      "albuterol inhaler",
      "prednisolone"
    ],
    "Tests": [
      "rsv test",
      "vision screen"
    ],
    "Visit Reason": [
      "rash"
    ]
  },
  "Insurance Policy Impact": [
    {
      "Clinical Context Used": "rash rsv test vision screen albuterol inhaler prednisolone gq921",
      "Matched Specialty": "cardiology",
      "Policy Impact": {
        "max_claim_limit": "50,000",
        "exclusions": [
          "cosmetic surgery",
          "experimental valve"
        ]
      },
      "Confidence": 0.171
    }
  ]
}