{
  "source_pdf": "Patient_507064df.pdf",
  "Extracted Prescription Data": {
    "Diagnosis": [
      "ct416"
    ],
    "Medications": [
      "clopidogrel"
    ],
    "Tests": [
      "echocardiogram"
    ],
    "Visit Reason": [
      "palpitations"
    ]
  },
  "Insurance Policy Impact": [
    {
      "Clinical Context Used": "palpitations echocardiogram clopidogrel ct416",
      "Matched Specialty": "cardiology",
      "Policy Impact": {
        "max_claim_limit": "50,000",
        "exclusions": [
          "cosmetic surgery",
          "experimental valve"
        ]
      },
      "Confidence": 0.23
    }
  ]
}