{
  "source_pdf": "Patient_8889065e.pdf",
  "Extracted Prescription Data": {
    "Diagnosis": [
      "xa384"
    ],
    "Medications": [
      "amlodipine",
      "atorvastatin"
    ],
    "Tests": [
      "troponin test"
    ],
    "Visit Reason": [
      "palpitations"
    ]
  },
  "Insurance Policy Impact": [
    {
      "Clinical Context Used": "palpitations troponin test amlodipine atorvastatin xa384",
      "Matched Specialty": "cardiology",
      "Policy Impact": {
        "max_claim_limit": "50,000",
        "exclusions": [
          "cosmetic surgery",
          "experimental valve"
        ]
      },
      "Confidence": 0.174
    }
  ]
}