{
  "source_pdf": "Patient_96339478.pdf",
  "Extracted Prescription Data": {
    "Diagnosis": [
      "xn197"
    ],
    "Medications": [
      "clopidogrel"
    ],
    "Tests": [
      "holter monitor"
    ],
    "Visit Reason": [
      "arrhythmia"
    ]
  },
  "Insurance Policy Impact": [
    {
      "Clinical Context Used": "arrhythmia holter monitor clopidogrel xn197",
      "Matched Specialty": "cardiology",
      "Policy Impact": {
        "max_claim_limit": "50,000",
        "exclusions": [
          "cosmetic surgery",
          "experimental valve"
        ]
      },
      "Confidence": 0.197
    }
  ]
}