{
  "source_pdf": "Patient_4b56e532.pdf",
  "Extracted Prescription Data": {
    "Diagnosis": [
      "mb593"
    ],
    "Medications": [
      "azithromycin"
    ],
    "Tests": [
      "lead screening",
      "rsv test"
    ],
    "Visit Reason": [
      "rash"
    ]
  },
  "Insurance Policy Impact": [
    {
      "Clinical Context Used": "rash lead screening rsv test azithromycin mb593",
      "Matched Specialty": "gastroenterology",
      "Policy Impact": {
        "max_claim_limit": "40,000",
        "exclusions": [
          "dietary supplements",
          "detox programs"
        ]
      },
      "Confidence": 0.127
    }
  ]
}