{
  "source_pdf": "Patient_77afcb7f.pdf",
  "Extracted Prescription Data": {
    "Diagnosis": [
      "",
      "kb207"
    ],
    "Medications": [
      "celecoxib",
      "hydrocodone",
      "ibuprofen",
      "meloxicam",
      "tramadol"
    ],
    "Tests": [
      "arthroscopy",
      "mri"
    ],
    "Visit Reason": [
      "arthritis",
      "fracture follow-up",
      "hip pain",
      "sports injury"
    ]
  },
  "Insurance Policy Impact": [
    {
      "Clinical Context Used": "arthritis fracture follow-up hip pain sports injury arthroscopy mri celecoxib hydrocodone ibuprofen meloxicam tramadol kb207",
      "Matched Specialty": "orthopedics",
      "Policy Impact": {
        "max_claim_limit": "35,000",
        "exclusions": [
          "sports injuries (pro)",
          "massage therapy"
        ]
      },
      "Confidence": 0.483
    }
  ]
}