{
  "source_pdf": "Patient_967f0187.pdf",
  "Extracted Prescription Data": {
    "Diagnosis": [
      "yh620"
    ],
    "Medications": [
      "omeprazole"
    ],
    "Tests": [
      "hba1c"
    ],
    "Visit Reason": [
      "abdominal pain"
    ]
  },
  "Insurance Policy Impact": [
    {
      "Clinical Context Used": "abdominal pain hba1c omeprazole yh620",
      "Matched Specialty": "gastroenterology",
      "Policy Impact": {
        "max_claim_limit": "40,000",
        "exclusions": [
          "dietary supplements",
          "detox programs"
        ]
      },
      "Confidence": 0.19
    }
  ]
}