{
  "source_pdf": "Patient_84eb4a29.pdf",
  "Extracted Prescription Data": {
    "Diagnosis": [
      "sg155"
    ],
    "Medications": [
      "tramadol"
    ],
    "Tests": [
      "arthroscopy"
    ],
    "Visit Reason": [
      "arthritis"
    ]
  },
  "Insurance Policy Impact": [
    {
      "Clinical Context Used": "arthritis arthroscopy tramadol sg155",
      "Matched Specialty": "orthopedics",
      "Policy Impact": {
        "max_claim_limit": "35,000",
        "exclusions": [
          "sports injuries (pro)",
          "massage therapy"
        ]
      },
      "Confidence": 0.34
    }
  ]
}