{
  "source_pdf": "Patient_e03213cb.pdf",
  "Extracted Prescription Data": {
    "Diagnosis": [
      "eu660"
    ],
    "Medications": [
      "metformin"
    ],
    "Tests": [
      "tsh"
    ],
    "Visit Reason": [
      "routine checkup"
    ]
  },
  "Insurance Policy Impact": [
    {
      "Clinical Context Used": "routine checkup tsh metformin eu660",
      "Matched Specialty": "gastroenterology",
      "Policy Impact": {
        "max_claim_limit": "40,000",
        "exclusions": [
          "dietary supplements",
          "detox programs"
        ]
      },
      "Confidence": 0.235
    }
  ]
}