{
  "source_pdf": "Patient_ca7d7cda.pdf",
  "Extracted Prescription Data": {
    "Diagnosis": [
      "jy968"
    ],
    "Medications": [
      "amlodipine",
      "warfarin"
    ],
    "Tests": [
      "echocardiogram"
    ],
    "Visit Reason": [
      "arrhythmia"
    ]
  },
  "Insurance Policy Impact": [
    {
      "Clinical Context Used": "arrhythmia echocardiogram amlodipine warfarin jy968",
      "Matched Specialty": "cardiology",
      "Policy Impact": {
        "max_claim_limit": "50,000",
        "exclusions": [
          "cosmetic surgery",
          "experimental valve"
        ]
      },
      "Confidence": 0.209
    }
  ]
}