{
  "source_pdf": "Patient_28429761.pdf",
  "Extracted Prescription Data": {
    "Diagnosis": [
      "yr990"
    ],
    "Medications": [
      "furosemide"
    ],
    "Tests": [
      "lipid panel"
    ],
    "Visit Reason": [
      "angina"
    ]
  },
  "Insurance Policy Impact": [
    {
      "Clinical Context Used": "angina lipid panel furosemide yr990",
      "Matched Specialty": "cardiology",
      "Policy Impact": {
        "max_claim_limit": "50,000",
        "exclusions": [
          "cosmetic surgery",
          "experimental valve"
        ]
      },
      "Confidence": 0.241
    }
  ]
}