{
  "source_pdf": "Patient_a290e2b9.pdf",
  "Extracted Prescription Data": {
    "Diagnosis": [
      "uu897"
    ],
    "Medications": [
      "hydrocodone"
    ],
    "Tests": [
      "arthroscopy"
    ],
    "Visit Reason": [
      "knee pain"
    ]
  },
  "Insurance Policy Impact": [
    {
      "Clinical Context Used": "knee pain arthroscopy hydrocodone uu897",
      "Matched Specialty": "orthopedics",
      "Policy Impact": {
        "max_claim_limit": "35,000",
        "exclusions": [
          "sports injuries (pro)",
          "massage therapy"
        ]
      },
      "Confidence": 0.334
    }
  ]
}