{
  "source_pdf": "Patient_078d62bc.pdf",
  "Extracted Prescription Data": {
    "Diagnosis": [
      "gh819"
    ],
    "Medications": [
      "lamotrigine"
    ],
    "Tests": [
      "eeg",
      "mri brain"
    ],
    "Visit Reason": [
      "neuropathy"
    ]
  },
  "Insurance Policy Impact": [
    {
      "Clinical Context Used": "neuropathy eeg mri brain lamotrigine gh819",
      "Matched Specialty": "neurology",
      "Policy Impact": {
        "max_claim_limit": "60,000",
        "exclusions": [
          "biofeedback",
          "experimental neurostim"
        ]
      },
      "Confidence": 0.417
    }
  ]
}