{
  "source_pdf": "Patient_217440d9.pdf",
  "Extracted Prescription Data": {
    "Diagnosis": [
      "tv637"
    ],
    "Medications": [
      "acetaminophen"
    ],
    "Tests": [
      "rsv test"
    ],
    "Visit Reason": [
      "cough"
    ]
  },
  "Insurance Policy Impact": [
    {
      "Clinical Context Used": "cough rsv test acetaminophen tv637",
      "Matched Specialty": "gastroenterology",
      "Policy Impact": {
        "max_claim_limit": "40,000",
        "exclusions": [
          "dietary supplements",
          "detox programs"
        ]
      },
      "Confidence": 0.185
    }
  ]
}