{
  "source_pdf": "Patient_d9eb04f9.pdf",
  "Extracted Prescription Data": {
    "Diagnosis": [
      "dw726"
    ],
    "Medications": [
      "cyclobenzaprine"
    ],
    "Tests": [
      "mri"
    ],
    "Visit Reason": [
      "sports injury"
    ]
  },
  "Insurance Policy Impact": [
    {
      "Clinical Context Used": "sports injury mri cyclobenzaprine dw726",
      "Matched Specialty": "orthopedics",
      "Policy Impact": {
        "max_claim_limit": "35,000",
        "exclusions": [
          "sports injuries (pro)",
          "massage therapy"
        ]
      },
      "Confidence": 0.472
    }
  ]
}