{
  "source_pdf": "Patient_c97a1ad2.pdf",
  "Extracted Prescription Data": {
    "Diagnosis": [
      "th644"
    ],
    "Medications": [
      "sertraline"
    ],
    "Tests": [
      "lipid panel",
      "tsh"
    ],
    "Visit Reason": [
      "flu symptoms"
    ]
  },
  "Insurance Policy Impact": [
    {
      "Clinical Context Used": "flu symptoms lipid panel tsh sertraline th644",
      "Matched Specialty": "neurology",
      "Policy Impact": {
        "max_claim_limit": "60,000",
        "exclusions": [
          "biofeedback",
          "experimental neurostim"
        ]
      },
      "Confidence": 0.154
    }
  ]
}