{
  "source_pdf": "Patient_f19fa3d7.pdf",
  "Extracted Prescription Data": {
    "Diagnosis": [
      "eb826"
    ],
    "Medications": [
      "carbamazepine",
      "topiramate"
    ],
    "Tests": [
      "lumbar puncture"
    ],
    "Visit Reason": [
      "memory loss"
    ]
  },
  "Insurance Policy Impact": [
    {
      "Clinical Context Used": "memory loss lumbar puncture carbamazepine topiramate eb826",
      "Matched Specialty": "neurology",
      "Policy Impact": {
        "max_claim_limit": "60,000",
        "exclusions": [
          "biofeedback",
          "experimental neurostim"
        ]
      },
      "Confidence": 0.277
    }
  ]
}