{
  "source_pdf": "Patient_57b6a7db.pdf",
  "Extracted Prescription Data": {
    "Diagnosis": [
      "sz326"
    ],
    "Medications": [
      "metoprolol"
    ],
    "Tests": [
      "lipid panel",
      "troponin test"
    ],
    "Visit Reason": [
      "shortness of breath"
    ]
  },
  "Insurance Policy Impact": [
    {
      "Clinical Context Used": "shortness of breath lipid panel troponin test metoprolol sz326",
      "Matched Specialty": "gastroenterology",
      "Policy Impact": {
        "max_claim_limit": "40,000",
        "exclusions": [
          "dietary supplements",
          "detox programs"
        ]
      },
      "Confidence": 0.209
    }
  ]
}