{
  "source_pdf": "Patient_45e5a03c.pdf",
  "Extracted Prescription Data": {
    "Diagnosis": [
      "",
      "gk780"
    ],
    "Medications": [
      "levothyroxine",
      "lisinopril"
    ],
    "Tests": [
      "cmp",
      "lipid panel",
      "vitamin d level"
    ],
    "Visit Reason": [
      "fatigue",
      "flu symptoms",
      "infection"
    ]
  },
  "Insurance Policy Impact": [
    {
      "Clinical Context Used": "fatigue flu symptoms infection cmp lipid panel vitamin d level levothyroxine lisinopril gk780",
      "Matched Specialty": "neurology",
      "Policy Impact": {
        "max_claim_limit": "60,000",
        "exclusions": [
          "biofeedback",
          "experimental neurostim"
        ]
      },
      "Confidence": 0.209
    }
  ]
}