{
  "source_pdf": "Patient_330be8de.pdf",
  "Extracted Prescription Data": {
    "Diagnosis": [
      "pj837"
    ],
    "Medications": [
      "levothyroxine"
    ],
    "Tests": [
      "hba1c"
    ],
    "Visit Reason": [
      "back pain"
    ]
  },
  "Insurance Policy Impact": [
    {
      "Clinical Context Used": "back pain hba1c levothyroxine pj837",
      "Matched Specialty": "neurology",
      "Policy Impact": {
        "max_claim_limit": "60,000",
        "exclusions": [
          "biofeedback",
          "experimental neurostim"
        ]
      },
      "Confidence": 0.349
    }
  ]
}