{
  "source_pdf": "Patient_9e0aee20.pdf",
  "Extracted Prescription Data": {
    "Diagnosis": [
      "eu999"
    ],
    "Medications": [
      "hydrocodone"
    ],
    "Tests": [
      "x-ray"
    ],
    "Visit Reason": [
      "fracture follow-up"
    ]
  },
  "Insurance Policy Impact": [
    {
      "Clinical Context Used": "fracture follow-up x-ray hydrocodone eu999",
      "Matched Specialty": "orthopedics",
      "Policy Impact": {
        "max_claim_limit": "35,000",
        "exclusions": [
          "sports injuries (pro)",
          "massage therapy"
        ]
      },
      "Confidence": 0.173
    }
  ]
}