{
  "source_pdf": "Patient_488d5696.pdf",
  "Extracted Prescription Data": {
    "Diagnosis": [
      "mo926"
    ],
    "Medications": [
      "carbamazepine"
    ],
    "Tests": [
      "mri brain"
    ],
    "Visit Reason": [
      "neuropathy"
    ]
  },
  "Insurance Policy Impact": [
    {
      "Clinical Context Used": "neuropathy mri brain carbamazepine mo926",
      "Matched Specialty": "neurology",
      "Policy Impact": {
        "max_claim_limit": "60,000",
        "exclusions": [
          "biofeedback",
          "experimental neurostim"
        ]
      },
      "Confidence": 0.359
    }
  ]
}