{
  "source_pdf": "Patient_b7da466b.pdf",
  "Extracted Prescription Data": {
    "Diagnosis": [
      "zl855"
    ],
    "Medications": [
      "amlodipine"
    ],
    "Tests": [
      "lipid panel"
    ],
    "Visit Reason": [
      "arrhythmia"
    ]
  },
  "Insurance Policy Impact": [
    {
      "Clinical Context Used": "arrhythmia lipid panel amlodipine zl855",
      "Matched Specialty": "cardiology",
      "Policy Impact": {
        "max_claim_limit": "50,000",
        "exclusions": [
          "cosmetic surgery",
          "experimental valve"
        ]
      },
      "Confidence": 0.211
    }
  ]
}