{
  "source_pdf": "Patient_011cc214.pdf",
  "Extracted Prescription Data": {
    "Diagnosis": [
      "cg530"
    ],
    "Medications": [
      "naproxen"
    ],
    "Tests": [
      "mri"
    ],
    "Visit Reason": [
      "hip pain"
    ]
  },
  "Insurance Policy Impact": [
    {
      "Clinical Context Used": "hip pain mri naproxen cg530",
      "Matched Specialty": "orthopedics",
      "Policy Impact": {
        "max_claim_limit": "35,000",
        "exclusions": [
          "sports injuries (pro)",
          "massage therapy"
        ]
      },
      "Confidence": 0.282
    }
  ]
}