{
  "source_pdf": "Patient_b2835438.pdf",
  "Extracted Prescription Data": {
    "Diagnosis": [
      "pu908"
    ],
    "Medications": [
      "levetiracetam"
    ],
    "Tests": [
      "cognitive assessment",
      "ct head"
    ],
    "Visit Reason": [
      "seizure"
    ]
  },
  "Insurance Policy Impact": [
    {
      "Clinical Context Used": "seizure cognitive assessment ct head levetiracetam pu908",
      "Matched Specialty": "neurology",
      "Policy Impact": {
        "max_claim_limit": "60,000",
        "exclusions": [
          "biofeedback",
          "experimental neurostim"
        ]
      },
      "Confidence": 0.189
    }
  ]
}