{
  "source_pdf": "Patient_eed3cab7.pdf",
  "Extracted Prescription Data": {
    "Diagnosis": [
      "rm570"
    ],
    "Medications": [
      "meloxicam",
      "tramadol"
    ],
    "Tests": [
      "mri"
    ],
    "Visit Reason": [
      "hip pain"
    ]
  },
  "Insurance Policy Impact": [
    {
      "Clinical Context Used": "hip pain mri meloxicam tramadol rm570",
      "Matched Specialty": "orthopedics",
      "Policy Impact": {
        "max_claim_limit": "35,000",
        "exclusions": [
          "sports injuries (pro)",
          "massage therapy"
        ]
      },
      "Confidence": 0.266
    }
  ]
}