{
  "source_pdf": "Patient_501d25cf.pdf",
  "Extracted Prescription Data": {
    "Diagnosis": [
      "wv154"
    ],
    "Medications": [
      "furosemide"
    ],
    "Tests": [
      "holter monitor",
      "stress test"
    ],
    "Visit Reason": [
      "shortness of breath"
    ]
  },
  "Insurance Policy Impact": [
    {
      "Clinical Context Used": "shortness of breath holter monitor stress test furosemide wv154",
      "Matched Specialty": "cardiology",
      "Policy Impact": {
        "max_claim_limit": "50,000",
        "exclusions": [
          "cosmetic surgery",
          "experimental valve"
        ]
      },
      "Confidence": 0.188
    }
  ]
}