{
  "source_pdf": "Patient_4eb69b14.pdf",
  "Extracted Prescription Data": {
    "Diagnosis": [
      "ax436"
    ],
    "Medications": [
      "cyclobenzaprine"
    ],
    "Tests": [
      "x-ray"
    ],
    "Visit Reason": [
      "joint stiffness"
    ]
  },
  "Insurance Policy Impact": [
    {
      "Clinical Context Used": "joint stiffness x-ray cyclobenzaprine ax436",
      "Matched Specialty": "orthopedics",
      "Policy Impact": {
        "max_claim_limit": "35,000",
        "exclusions": [
          "sports injuries (pro)",
          "massage therapy"
        ]
      },
      "Confidence": 0.313
    }
  ]
}