{
  "source_pdf": "Patient_a97c356f.pdf",
  "Extracted Prescription Data": {
    "Diagnosis": [
      "ea678"
    ],
    "Medications": [
      "gabapentin"
    ],
    "Tests": [
      "eeg"
    ],
    "Visit Reason": [
      "memory loss"
    ]
  },
  "Insurance Policy Impact": [
    {
      "Clinical Context Used": "memory loss eeg gabapentin ea678",
      "Matched Specialty": "neurology",
      "Policy Impact": {
        "max_claim_limit": "60,000",
        "exclusions": [
          "biofeedback",
          "experimental neurostim"
        ]
      },
      "Confidence": 0.395
    }
  ]
}