{
  "source_pdf": "Patient_c738954f.pdf",
  "Extracted Prescription Data": {
    "Diagnosis": [
      "az109"
    ],
    "Medications": [
      "lamotrigine"
    ],
    "Tests": [
      "emg",
      "nerve conduction study"
    ],
    "Visit Reason": [
      "migraine"
    ]
  },
  "Insurance Policy Impact": [
    {
      "Clinical Context Used": "migraine emg nerve conduction study lamotrigine az109",
      "Matched Specialty": "neurology",
      "Policy Impact": {
        "max_claim_limit": "60,000",
        "exclusions": [
          "biofeedback",
          "experimental neurostim"
        ]
      },
      "Confidence": 0.355
    }
  ]
}