{
  "source_pdf": "Patient_61848a3f.pdf",
  "Extracted Prescription Data": {
    "Diagnosis": [
      "kv898"
    ],
    "Medications": [
      "celecoxib"
    ],
    "Tests": [
      "arthroscopy"
    ],
    "Visit Reason": [
      "sports injury"
    ]
  },
  "Insurance Policy Impact": [
    {
      "Clinical Context Used": "sports injury arthroscopy celecoxib kv898",
      "Matched Specialty": "orthopedics",
      "Policy Impact": {
        "max_claim_limit": "35,000",
        "exclusions": [
          "sports injuries (pro)",
          "massage therapy"
        ]
      },
      "Confidence": 0.492
    }
  ]
}