{
  "source_pdf": "Patient_cb087be5.pdf",
  "Extracted Prescription Data": {
    "Diagnosis": [
      "",
      "zl527"
    ],
    "Medications": [
      "acetaminophen",
      "albuterol inhaler",
      "ceftriaxone",
      "ibuprofen"
    ],
    "Tests": [
      "cbc",
      "influenza test",
      "rsv test",
      "vision screen"
    ],
    "Visit Reason": [
      "ear infection",
      "fever",
      "sore throat",
      "stomach pain",
      "vaccination"
    ]
  },
  "Insurance Policy Impact": [
    {
      "Clinical Context Used": "ear infection fever sore throat stomach pain vaccination cbc influenza test rsv test vision screen acetaminophen albuterol inhaler ceftriaxone ibuprofen zl527",
      "Matched Specialty": "orthopedics",
      "Policy Impact": {
        "max_claim_limit": "35,000",
        "exclusions": [
          "sports injuries (pro)",
          "massage therapy"
        ]
      },
      "Confidence": 0.205
    }
  ]
}