{
  "source_pdf": "Patient_68a30193.pdf",
  "Extracted Prescription Data": {
    "Diagnosis": [
      "cf725"
    ],
    "Medications": [
      "ibuprofen"
    ],
    "Tests": [
      "arthroscopy"
    ],
    "Visit Reason": [
      "knee pain"
    ]
  },
  "Insurance Policy Impact": [
    {
      "Clinical Context Used": "knee pain arthroscopy ibuprofen cf725",
      "Matched Specialty": "orthopedics",
      "Policy Impact": {
        "max_claim_limit": "35,000",
        "exclusions": [
          "sports injuries (pro)",
          "massage therapy"
        ]
      },
      "Confidence": 0.378
    }
  ]
}