{
  "source_pdf": "Patient_aedb2c69.pdf",
  "Extracted Prescription Data": {
    "Diagnosis": [
      "vw172"
    ],
    "Medications": [
      "clopidogrel"
    ],
    "Tests": [
      "lipid panel"
    ],
    "Visit Reason": [
      "arrhythmia"
    ]
  },
  "Insurance Policy Impact": [
    {
      "Clinical Context Used": "arrhythmia lipid panel clopidogrel vw172",
      "Matched Specialty": "cardiology",
      "Policy Impact": {
        "max_claim_limit": "50,000",
        "exclusions": [
          "cosmetic surgery",
          "experimental valve"
        ]
      },
      "Confidence": 0.243
    }
  ]
}