{
  "source_pdf": "Patient_394931f4.pdf",
  "Extracted Prescription Data": {
    "Diagnosis": [
      "mj941"
    ],
    "Medications": [
      "clopidogrel"
    ],
    "Tests": [
      "lipid panel"
    ],
    "Visit Reason": [
      "chest pain"
    ]
  },
  "Insurance Policy Impact": [
    {
      "Clinical Context Used": "chest pain lipid panel clopidogrel mj941",
      "Matched Specialty": "cardiology",
      "Policy Impact": {
        "max_claim_limit": "50,000",
        "exclusions": [
          "cosmetic surgery",
          "experimental valve"
        ]
      },
      "Confidence": 0.351
    }
  ]
}