{
  "source_pdf": "Patient_45bbb96c.pdf",
  "Extracted Prescription Data": {
    "Diagnosis": [
      "",
      "pk878"
    ],
    "Medications": [
      "cyclobenzaprine",
      "tramadol"
    ],
    "Tests": [
      "arthroscopy",
      "bone density scan",
      "ct scan"
    ],
    "Visit Reason": [
      "hip pain",
      "knee pain",
      "shoulder pain"
    ]
  },
  "Insurance Policy Impact": [
    {
      "Clinical Context Used": "hip pain knee pain shoulder pain arthroscopy bone density scan ct scan cyclobenzaprine tramadol pk878",
      "Matched Specialty": "orthopedics",
      "Policy Impact": {
        "max_claim_limit": "35,000",
        "exclusions": [
          "sports injuries (pro)",
          "massage therapy"
        ]
      },
      "Confidence": 0.347
    }
  ]
}