{
  "source_pdf": "Patient_98cb7b31.pdf",
  "Extracted Prescription Data": {
    "Diagnosis": [
      "dk218"
    ],
    "Medications": [
      "sertraline"
    ],
    "Tests": [
      "hba1c",
      "lipid panel"
    ],
    "Visit Reason": [
      "diabetes manageme\nnt"
    ]
  },
  "Insurance Policy Impact": [
    {
      "Clinical Context Used": "diabetes manageme\nnt hba1c lipid panel sertraline dk218",
      "Matched Specialty": "neurology",
      "Policy Impact": {
        "max_claim_limit": "60,000",
        "exclusions": [
          "biofeedback",
          "experimental neurostim"
        ]
      },
      "Confidence": 0.172
    }
  ]
}