{
  "source_pdf": "Patient_51f9f64b.pdf",
  "Extracted Prescription Data": {
    "Diagnosis": [
      "xw035"
    ],
    "Medications": [
      "albuterol inhaler",
      "ceftriaxone"
    ],
    "Tests": [
      "rsv test"
    ],
    "Visit Reason": [
      "sore throat"
    ]
  },
  "Insurance Policy Impact": [
    {
      "Clinical Context Used": "sore throat rsv test albuterol inhaler ceftriaxone xw035",
      "Matched Specialty": "cardiology",
      "Policy Impact": {
        "max_claim_limit": "50,000",
        "exclusions": [
          "cosmetic surgery",
          "experimental valve"
        ]
      },
      "Confidence": 0.193
    }
  ]
}