{
  "source_pdf": "Patient_b17e0ab8.pdf",
  "Extracted Prescription Data": {
    "Diagnosis": [
      "ro868"
    ],
    "Medications": [
      "ibuprofen"
    ],
    "Tests": [
      "cmp"
    ],
    "Visit Reason": [
      "routine checkup"
    ]
  },
  "Insurance Policy Impact": [
    {
      "Clinical Context Used": "routine checkup cmp ibuprofen ro868",
      "Matched Specialty": "gastroenterology",
      "Policy Impact": {
        "max_claim_limit": "40,000",
        "exclusions": [
          "dietary supplements",
          "detox programs"
        ]
      },
      "Confidence": 0.281
    }
  ]
}