{
  "source_pdf": "Patient_8f9547a1.pdf",
  "Extracted Prescription Data": {
    "Diagnosis": [
      "zy122"
    ],
    "Medications": [
      "hydrocodone"
    ],
    "Tests": [
      "arthroscopy",
      "mri"
    ],
    "Visit Reason": [
      "arthritis"
    ]
  },
  "Insurance Policy Impact": [
    {
      "Clinical Context Used": "arthritis arthroscopy mri hydrocodone zy122",
      "Matched Specialty": "orthopedics",
      "Policy Impact": {
        "max_claim_limit": "35,000",
        "exclusions": [
          "sports injuries (pro)",
          "massage therapy"
        ]
      },
      "Confidence": 0.318
    }
  ]
}